task_gid,task_name,section,assignee,due_on,report_action,relation,note
1211756978052893,Suivi de l'inventaire et des commandes,Suivi des recommandations/Mision Maro/10-2025,RAFIDIMANANTSOA Amédé Abdérémane,2025-11-03,,no match,stock inventory follow-up; no report action
1211756978052900,Evaluer la possibilité de fabrication locale des coussins de poignée,Suivi des recommandations/Mision Maro/10-2025,RAFIDIMANANTSOA Amédé Abdérémane,2025-11-05,,no match,local handle-pad manufacture; no report action
1211756978052903,Action/Décision moto 200 inutilisée,Suivi des recommandations/Mision Maro/10-2025,RAFIDIMANANTSOA Amédé Abdérémane,2025-11-05,,no match,unused SK200 motorbike; no report action
1211756980697512,Ajouter marquage ID dans SOP premiere rehabilitation,Suivi des recommandations/Mision Maro/10-2025,Julien Labas,2026-01-09,,no match,ID marking in the first-rehabilitation SOP; no report action
1211756980697515,Restitution communautaire et aupres des autorités des analyses Eau,Suivi des recommandations/Mision Maro/10-2025,Cathy Emmanuella,2025-12-31,,no match,community/authority restitution of SDWS 3 results; the report has no restitution action
1211756980697518,Identifier/estimer/concevoir une communication de masse_Radio,Suivi des recommandations/Mision Maro/10-2025,RAFIDIMANANTSOA Amédé Abdérémane,2025-11-14,act-hygiene-campaign-2026,overlaps,mass radio communication is part of the IEC/hygiene campaign the action documents
1211756980697521,Analyse des rapports CSB-diminution des maladies liés à l'eau,Suivi des recommandations/Mision Maro/10-2025,RAFIDIMANANTSOA Amédé Abdérémane,2025-12-01,,no match,CSB health-report analysis; no report action
1211756980697529,Adapter questionnaire Promotion Hygiene-regroupement plusieurs PE,Suivi des recommandations/Mision Maro/10-2025,RAFIDIMANANTSOA Amédé Abdérémane,2025-11-12,act-hygiene-campaign-2026,overlaps,hygiene-promotion questionnaire for grouped sessions; the action needs sessions recorded at the points the campaign covers
1211756980697532,EPI-smartphone-equipement_besoins exprimés,Suivi des recommandations/Mision Maro/10-2025,RAFIDIMANANTSOA Amédé Abdérémane,2025-11-12,,no match,PPE and equipment; no report action
1211756980697535,Identifier les nx PE à réhabiliter_Formulaire Identification,Suivi des recommandations/Mision Maro/10-2025,RAFIDIMANANTSOA Amédé Abdérémane,2025-11-14,act-fleet-growth,overlaps,identifying new pumps to rehabilitate is the pipeline the action asks for
1211756980697538,Imprimer/distribuer Calendrier pannes,Suivi des recommandations/Mision Maro/10-2025,RAFIDIMANANTSOA Amédé Abdérémane,2025-11-14,act-calendar-v13,duplicates,print and distribute breakdown calendars; also act-reissue-calendars-new-blank
1209780134543689,Sous-activité 1.1 Mise en place MRV Plan selon Gold Standard,"Activité I - MRV (Monitoring, Reporting & Verification)",anatol@madavance.org,2025-04-18,,no match,MRV plan set-up (2025 workplan item)
1209780134544021,Sous-activité 1.2 Finaliser le data management process selon Gold Standard,"Activité I - MRV (Monitoring, Reporting & Verification)",,2025-04-30,act-mwater-approval-policy,overlaps,data management process; the action defines what approving an mWater record means
1209795355459892,Sous-activité 1.3 Nettoyage des données mWater,"Activité I - MRV (Monitoring, Reporting & Verification)",RANDRIAMANANTENA Lanja Harifidy,2025-08-22,act-no-works-record,overlaps,"mWater data cleaning; also act-photo-misfiled, act-mar-admin-fields"
1209807602928873,"Sous-activité 1.6 Exécution, évaluation et contrôle continu du MRV plan","Activité I - MRV (Monitoring, Reporting & Verification)",anatol@madavance.org,2025-04-21,,no match,continuous MRV execution (2025 workplan item)
1211021960307785,Carbon - Annual Monitoring,Activité II - Baseline,Julien Labas,,act-sdws26-annual-round,overlaps,annual carbon monitoring; also act-carbon-year-basis
1209780134543926,2.2.2 Recrutement et formation des enquêteurs,Activité II - Baseline,anatol@madavance.org,2025-06-30,,no match,2025 baseline enumerator training; the Antananarivo baseline (act-tana-baseline-survey) is a different survey
1209780134543716,2.2.3 Exécuter les enquêtes ,Activité II - Baseline,anatol@madavance.org,2025-06-30,,no match,2025 baseline surveys; the Antananarivo baseline (act-tana-baseline-survey) is a different survey
1209780134543722,INDICATEURS Activité II,Activité II - Baseline,,,,no match,Activity II indicators placeholder
1209788145559038,Sous-activité 3.1 Identification des PDO à réhabiliter/réparer/entretenir,"Activité III - Travaux (Réhabilitation, Entretien-préventif, Réparation après panne)",,2025-04-30,act-fleet-growth,overlaps,identification of points to rehabilitate/repair/maintain
1209788145559040,Sous-activité 3.2 Gestion de stock,"Activité III - Travaux (Réhabilitation, Entretien-préventif, Réparation après panne)",nary.ramanarivo@madavance.org,2025-08-29,,no match,stock management
1209788145559049,Sous-activité 3.3 Exécuter les travaux de réhabilitation/réparation/entretien,"Activité III - Travaux (Réhabilitation, Entretien-préventif, Réparation après panne)",,,act-restore-preventive-maintenance-visit,overlaps,executing works; also act-visit-collapse
1209788145559054,"Sous-activité 3.4 Contrôle qualité des données (Complétude, Exactitude et Promptitude)","Activité III - Travaux (Réhabilitation, Entretien-préventif, Réparation après panne)",Léa Rasolofoson-Rajaonah,2025-05-05,act-mwater-approval-policy,overlaps,"data quality control (completeness, accuracy, timeliness)"
1209626244684732,Sous-activité 3.5 Analyser les données quantitatives des réparation après panne pour faire des analyses des couts,"Activité III - Travaux (Réhabilitation, Entretien-préventif, Réparation après panne)",Julien Labas,2025-08-16,act-define-maintenance-record-becomes,overlaps,analysis of repair-after-breakdown records; also act-repeat-breakdown
1210541889593869,Sous-activité 3.6 Renforcement de capacité des techniciens et socio-organisateurs sur les travaux,"Activité III - Travaux (Réhabilitation, Entretien-préventif, Réparation après panne)",luca@madavance.org,2025-05-19,act-retrain-field-teams-how,overlaps,technician and socio-organiser training; also act-sop-calendar-v17-signoff
1209496968159306,4.1.3 External laboratory analyses comparatives,Activité IV - Qualité de l'eau,Julien Labas,2025-11-20,act-close-s4-16-car-2,overlaps,external-lab comparison; the action commissions the parallel validation round
1209780134543955,Sous-activité 4.1 Intégration consortium labo du kit Wagtech-Labo ANDEA,Activité IV - Qualité de l'eau,Cathy Emmanuella,2025-12-19,act-close-s4-16-car-2,overlaps,Wagtech kit and lab consortium; validation of the field kit
1209780134543964,Sous-activité 4.3 Exécuter les analyses SDWS 18 ,Activité IV - Qualité de l'eau,Cathy Emmanuella,2025-12-20,act-sdws18-2025-kit-sop,overlaps,2025 SDWS 18 analyses; the action files their kit/SOP evidence; the 2026 round is act-point-use-round-one
1210749149066334,Assurer et anticiper un approvisionnement en réactif pour SDWS18,Activité IV - Qualité de l'eau,Julien Labas,2025-09-14,act-point-use-round-one,overlaps,reagent supply for SDWS 18; also act-sdws18-2025-kit-sop (lot numbers)
1209780134543898,Mise en place d'un mécanisme de redevabilité,"Activité V - IEC (Information, Education et Communication ; promotion de l'hygiène)",nary.ramanarivo@madavance.org,2025-08-29,act-call-no-followup,overlaps,accountability/feedback mechanism; the call centre is the feedback channel the action follows up
1209780134544013,Sous-activité 5.1 Vérification des outils (SOP) IEC selon la Gold Standard,"Activité V - IEC (Information, Education et Communication ; promotion de l'hygiène)",,2025-04-30,act-hygiene-campaign-2026,overlaps,checking IEC SOPs against Gold Standard
1209780134544015,Sous-activité 5.2 Exécuter les activités IEC,"Activité V - IEC (Information, Education et Communication ; promotion de l'hygiène)",,2025-08-29,act-hygiene-campaign-2026,overlaps,executing IEC activities (2025); the action covers 2025 evidence and the 2026 campaign
1209788145559025,Sous-activité 5.3 Contrôle qualité des activités d'IEC,"Activité V - IEC (Information, Education et Communication ; promotion de l'hygiène)",RAFIDIMANANTSOA Amédé Abdérémane,,act-hygiene-campaign-2026,overlaps,IEC quality control
1210899351339683,"Mise en place/mise à jour ""risque register"" CLEAN WATER",Activité VI - HSEQ,diamondra@madavance.org,2025-08-15,,no match,HSEQ risk register
1211406769479548,Préparation Workplan_Deichmann_Marolinta,Activité VII - Proposition de projets/Proposal & Acquisition,Julien Labas,2025-10-05,,no match,Deichmann Marolinta workplan
1209626244684740,Suivi des proposition de partenariat avec Madagascar Water Project,Activité VII - Proposition de projets/Proposal & Acquisition,Julien Labas,2025-03-14,,no match,Madagascar Water Project partnership
1209626244684744,Unicef_global et FD (PMH écoles),Activité VII - Proposition de projets/Proposal & Acquisition,Julien Labas,2025-05-30,,no match,UNICEF proposal
1209625605022822,Finaliser inscription MadAvance à UN Partnership Portal,Activité VII - Proposition de projets/Proposal & Acquisition,olivia@madavance.org,2025-09-23,,no match,UN Partnership Portal registration
1211372810255413,SIINC Application Aqua4All,Activité VII - Proposition de projets/Proposal & Acquisition,Julien Labas,2025-11-02,,no match,SIINC Aqua4All application
1211406771570384,Preparation Workplan_4 piped water system,Activité VII - Proposition de projets/Proposal & Acquisition,Julien Labas,2025-10-05,act-enduro-move-register-fully,overlaps,4 piped systems workplan; also act-moramanga-post-rehab-wq
1210155101440669,Réalisation d'un Dashboard Entretien et Réparation aprés panne,Activité VIII - IT,RANDRIAMANANTENA Lanja Harifidy,2025-08-15,act-dashboard-gap,overlaps,maintenance/repair dashboard; the action reconciles the dashboard with the register
1210377484220201,"Mettre en place un SOP pour ""supprimer"" un point d'eau de nos BD",Activité VIII - IT,RAFIDIMANANTSOA Amédé Abdérémane,2026-02-27,act-decommission-inactivity-field,overlaps,SOP to remove a water point; decided 21 Sep 2026 not to retire points for inactivity (closed); also act-mor-remove-reclassify-two-test
1210465123125489,Préparer un courte note sur la méthodo utilisée pour le roof count,Activité VIII - IT,RANDRIAMANANTENA Lanja Harifidy,2025-06-13,act-usage-survey-sop,overlaps,roof-count method note; also act-sampler-usage-survey-mode
1210877676199381,Séparer les questionnaires mWater (Premiere rehabilitation/reparation apres panne/Hygiene promotion/....),Activité VIII - IT,RANDRIAMANANTENA Lanja Harifidy,2025-08-08,act-form-consolidation,overlaps,splitting mWater questionnaires; the action decides the opposite direction (consolidating the borehole form)
1211875878932649,Budget mensuel,Budget,nary.ramanarivo@madavance.org,2025-11-24,,no match,monthly budget
