water_point,site,calendar_images,non_calendar_images,category,field_action,first_photo,last_photo,visits,only_portrait_field,questions
742893874,Fort-Dauphin,2,0,"calendar photographed, not readable","re-photograph the calendar: flat, filled frame, even light",2026-02-11,2026-02-11,1,no,2.15.5 x1; 2.15.6 x1
742894370,Fort-Dauphin,2,0,"calendar photographed, not readable","re-photograph the calendar: flat, filled frame, even light",2026-02-13,2026-02-13,1,no,2.15.5 x1; 2.15.6 x1
742895209,Fort-Dauphin,2,0,"calendar photographed, not readable","re-photograph the calendar: flat, filled frame, even light",2026-02-18,2026-02-18,1,no,2.15.5 x1; 2.15.6 x1
742896901,Maroantsetra,1,0,"calendar photographed, not readable","re-photograph the calendar: flat, filled frame, even light",2025-09-03,2025-09-03,1,yes,2.15.5 x1
742897483,Maroantsetra,2,0,"calendar photographed, not readable","re-photograph the calendar: flat, filled frame, even light",2025-09-09,2025-09-09,1,no,2.15.5 x1; 2.15.6 x1
742897445,Maroantsetra,2,0,"calendar photographed, not readable","re-photograph the calendar: flat, filled frame, even light",2025-09-10,2025-09-10,1,no,2.15.5 x1; 2.15.6 x1
742897531,Maroantsetra,2,0,"calendar photographed, not readable","re-photograph the calendar: flat, filled frame, even light",2025-09-11,2025-09-11,1,no,2.15.5 x1; 2.15.6 x1
742897593,Maroantsetra,3,0,"calendar photographed, not readable","re-photograph the calendar: flat, filled frame, even light",2025-09-11,2025-09-11,1,no,2.15.5 x1; 2.15.6 x2
742897603,Maroantsetra,2,0,"calendar photographed, not readable","re-photograph the calendar: flat, filled frame, even light",2025-09-18,2025-09-18,1,no,2.15.5 x1; 2.15.6 x1
742897146,Maroantsetra,2,0,"calendar photographed, not readable","re-photograph the calendar: flat, filled frame, even light",2025-09-26,2025-09-26,1,no,2.15.5 x1; 2.15.6 x1
742897225,Maroantsetra,2,0,"calendar photographed, not readable","re-photograph the calendar: flat, filled frame, even light",2025-09-27,2025-09-27,1,no,2.15.5 x1; 2.15.6 x1
742896279,Maroantsetra,3,0,"calendar photographed, not readable","re-photograph the calendar: flat, filled frame, even light",2025-10-10,2025-10-10,1,no,2.15.5 x1; 2.15.6 x2
742896396,Maroantsetra,2,0,"calendar photographed, not readable","re-photograph the calendar: flat, filled frame, even light",2025-10-10,2025-10-10,1,no,2.15.5 x1; 2.15.6 x1
742896451,Maroantsetra,2,0,"calendar photographed, not readable","re-photograph the calendar: flat, filled frame, even light",2025-10-10,2025-10-10,1,no,2.15.5 x1; 2.15.6 x1
742896626,Maroantsetra,3,0,"calendar photographed, not readable","re-photograph the calendar: flat, filled frame, even light",2025-10-14,2025-10-14,1,no,2.15.5 x1; 2.15.6 x2
742896705,Maroantsetra,2,0,"calendar photographed, not readable","re-photograph the calendar: flat, filled frame, even light",2025-10-22,2025-10-22,1,no,2.15.5 x1; 2.15.6 x1
742896987,Maroantsetra,3,0,"calendar photographed, not readable","re-photograph the calendar: flat, filled frame, even light",2025-10-30,2025-10-30,1,no,2.15.5 x1; 2.15.6 x2
742895450,Maroantsetra,3,0,"calendar photographed, not readable","re-photograph the calendar: flat, filled frame, even light",2025-11-17,2025-11-17,1,no,2.15.5 x1; 2.15.6 x2
742897768,Maroantsetra,3,0,"calendar photographed, not readable","re-photograph the calendar: flat, filled frame, even light",2025-11-24,2025-11-24,1,no,2.15.5 x1; 2.15.6 x2
699597809,Maroantsetra,2,0,"calendar photographed, not readable","re-photograph the calendar: flat, filled frame, even light",2025-11-29,2025-11-29,1,no,1.3.1.3 x2
699596066,Maroantsetra,3,0,"calendar photographed, not readable","re-photograph the calendar: flat, filled frame, even light",2025-12-17,2025-12-17,1,no,2.15.5 x1; 2.15.6 x2
742897706,Maroantsetra,3,0,"calendar photographed, not readable","re-photograph the calendar: flat, filled frame, even light",2026-03-26,2026-03-26,1,no,2.15.5 x1; 2.15.6 x2
742898099,Maroantsetra,3,0,"calendar photographed, not readable","re-photograph the calendar: flat, filled frame, even light",2026-03-27,2026-03-27,1,no,2.15.5 x1; 2.15.6 x2
699598044,Maroantsetra,1,0,"calendar photographed, not readable","re-photograph the calendar: flat, filled frame, even light",2026-05-21,2026-05-21,1,no,1.3.1.3 x1
776609443,Maroantsetra,3,0,"calendar photographed, not readable","re-photograph the calendar: flat, filled frame, even light",2026-06-10,2026-06-10,1,no,2.15.5 x1; 2.15.6 x2
742894246,Fort-Dauphin,1,1,no calendar was ever photographed,photograph the calendar,2026-03-20,2026-03-20,1,yes,2.15.5 x1
742894875,Fort-Dauphin,1,1,no calendar was ever photographed,photograph the calendar,2026-03-25,2026-03-25,1,yes,2.15.5 x1
742897562,Maroantsetra,1,1,no calendar was ever photographed,photograph the calendar,2025-09-12,2025-09-12,1,yes,2.15.5 x1
742897256,Maroantsetra,2,2,no calendar was ever photographed,photograph the calendar,2025-10-02,2025-10-02,1,no,2.15.5 x1; 2.15.6 x1
742897311,Maroantsetra,2,2,no calendar was ever photographed,photograph the calendar,2025-10-03,2025-10-03,1,no,2.15.5 x1; 2.15.6 x1
742896475,Maroantsetra,2,2,no calendar was ever photographed,photograph the calendar,2025-10-11,2025-10-11,1,no,2.15.5 x1; 2.15.6 x1
742896860,Maroantsetra,2,2,no calendar was ever photographed,photograph the calendar,2025-10-28,2025-10-28,1,no,2.15.5 x1; 2.15.6 x1
742896918,Maroantsetra,2,2,no calendar was ever photographed,photograph the calendar,2025-10-30,2025-10-30,1,no,2.15.5 x1; 2.15.6 x1
742896949,Maroantsetra,2,2,no calendar was ever photographed,photograph the calendar,2025-10-31,2025-10-31,1,no,2.15.5 x1; 2.15.6 x1
718552008,Maroantsetra,2,2,no calendar was ever photographed,photograph the calendar,2025-11-06,2025-11-06,1,no,2.15.5 x1; 2.15.6 x1
699597610,Maroantsetra,1,1,no calendar was ever photographed,photograph the calendar,2025-11-25,2025-11-25,1,no,1.3.1.3 x1
742895924,Maroantsetra,2,2,no calendar was ever photographed,photograph the calendar,2025-11-28,2025-11-28,1,no,2.15.5 x1; 2.15.6 x1
742896107,Maroantsetra,2,2,no calendar was ever photographed,photograph the calendar,2025-11-29,2025-11-29,1,no,2.15.5 x1; 2.15.6 x1
742896114,Maroantsetra,2,2,no calendar was ever photographed,photograph the calendar,2025-12-01,2025-12-01,1,no,2.15.5 x1; 2.15.6 x1
771820645,Maroantsetra,2,2,no calendar was ever photographed,photograph the calendar,2025-12-09,2025-12-09,1,no,2.15.5 x1; 2.15.6 x1
699596011,Maroantsetra,2,2,no calendar was ever photographed,photograph the calendar,2025-12-14,2025-12-14,1,no,2.15.5 x1; 2.15.6 x1
698771921,Maroantsetra,2,2,no calendar was ever photographed,photograph the calendar,2026-01-12,2026-01-12,1,no,2.15.5 x1; 2.15.6 x1
699596767,Maroantsetra,2,2,no calendar was ever photographed,photograph the calendar,2026-01-12,2026-01-12,1,no,2.15.5 x1; 2.15.6 x1
699596860,Maroantsetra,2,2,no calendar was ever photographed,photograph the calendar,2026-01-19,2026-01-19,1,no,2.15.5 x1; 2.15.6 x1
698771969,Maroantsetra,3,3,no calendar was ever photographed,photograph the calendar,2026-01-19,2026-01-26,2,no,1.3.1.3 x1; 2.15.5 x1; 2.15.6 x1
698772025,Maroantsetra,2,2,no calendar was ever photographed,photograph the calendar,2026-01-26,2026-01-26,1,no,2.15.5 x1; 2.15.6 x1
698772094,Maroantsetra,2,2,no calendar was ever photographed,photograph the calendar,2026-01-27,2026-01-27,1,no,2.15.5 x1; 2.15.6 x1
699597098,Maroantsetra,2,2,no calendar was ever photographed,photograph the calendar,2026-02-01,2026-02-01,1,no,2.15.5 x1; 2.15.6 x1
698772135,Maroantsetra,2,2,no calendar was ever photographed,photograph the calendar,2026-02-05,2026-02-05,1,no,2.15.5 x1; 2.15.6 x1
698772245,Maroantsetra,2,2,no calendar was ever photographed,photograph the calendar,2026-02-05,2026-02-05,1,no,2.15.5 x1; 2.15.6 x1
698772197,Maroantsetra,2,2,no calendar was ever photographed,photograph the calendar,2026-02-11,2026-02-11,1,no,2.15.5 x1; 2.15.6 x1
742897782,Maroantsetra,2,2,no calendar was ever photographed,photograph the calendar,2026-03-26,2026-03-26,1,no,2.15.5 x1; 2.15.6 x1
742897919,Maroantsetra,2,2,no calendar was ever photographed,photograph the calendar,2026-04-21,2026-04-21,1,no,2.15.5 x1; 2.15.6 x1
699597995,Maroantsetra,1,1,no calendar was ever photographed,photograph the calendar,2026-05-22,2026-05-22,1,no,1.3.1.3 x1
797195318,Maroantsetra,2,2,no calendar was ever photographed,photograph the calendar,2026-05-29,2026-05-29,1,no,2.15.5 x1; 2.15.6 x1
833033181,Maroantsetra,2,2,no calendar was ever photographed,photograph the calendar,2026-05-29,2026-05-29,1,no,2.15.5 x1; 2.15.6 x1
786871997,Maroantsetra,3,3,no calendar was ever photographed,photograph the calendar,2026-06-03,2026-06-03,1,no,2.15.5 x1; 2.15.6 x2
823466032,Maroantsetra,2,2,no calendar was ever photographed,photograph the calendar,2026-06-04,2026-06-04,1,no,2.15.5 x1; 2.15.6 x1
833033033,Maroantsetra,4,4,no calendar was ever photographed,photograph the calendar,2026-06-05,2026-06-05,1,no,2.15.5 x2; 2.15.6 x2
814009107,Maroantsetra,2,2,no calendar was ever photographed,photograph the calendar,2026-06-24,2026-06-24,1,no,2.15.5 x1; 2.15.6 x1
814478712,Maroantsetra,2,2,no calendar was ever photographed,photograph the calendar,2026-06-24,2026-06-24,1,no,2.15.5 x1; 2.15.6 x1
833032939,Maroantsetra,2,2,no calendar was ever photographed,photograph the calendar,2026-07-19,2026-07-19,1,no,2.15.5 x1; 2.15.6 x1
771703469,Maroantsetra,2,2,no calendar was ever photographed,photograph the calendar,2026-07-22,2026-07-22,1,no,2.15.5 x1; 2.15.6 x1
742895993,Maroantsetra,3,3,no calendar was ever photographed,photograph the calendar,2025-11-28,2026-09-03,2,no,1.3.1.3 x1; 2.15.5 x1; 2.15.6 x1
742895120,Fort-Dauphin,2,1,some photographs are of something else,photograph the calendar; some images are of the signboard or the pump,,,1,no,2.15.5 x1; 2.15.6 x1
742894583,Fort-Dauphin,3,1,some photographs are of something else,photograph the calendar; some images are of the signboard or the pump,2026-01-15,2026-01-15,1,no,2.15.5 x2; 2.15.6 x1
742895285,Fort-Dauphin,2,1,some photographs are of something else,photograph the calendar; some images are of the signboard or the pump,2026-01-21,2026-01-21,1,no,2.15.5 x1; 2.15.6 x1
742897634,Maroantsetra,2,1,some photographs are of something else,photograph the calendar; some images are of the signboard or the pump,2025-09-12,2025-09-12,1,no,2.15.5 x1; 2.15.6 x1
742895632,Maroantsetra,2,1,some photographs are of something else,photograph the calendar; some images are of the signboard or the pump,2025-11-08,2025-11-08,1,no,2.15.5 x1; 2.15.6 x1
742895955,Maroantsetra,3,1,some photographs are of something else,photograph the calendar; some images are of the signboard or the pump,2025-11-26,2025-11-26,1,no,2.15.5 x1; 2.15.6 x2
742896190,Maroantsetra,2,1,some photographs are of something else,photograph the calendar; some images are of the signboard or the pump,2025-11-26,2025-11-26,1,no,2.15.5 x1; 2.15.6 x1
742897397,Maroantsetra,3,2,some photographs are of something else,photograph the calendar; some images are of the signboard or the pump,2025-10-03,2026-01-11,2,no,1.3.1.3 x1; 2.15.5 x1; 2.15.6 x1
699597988,Maroantsetra,2,1,some photographs are of something else,photograph the calendar; some images are of the signboard or the pump,2025-11-25,2026-02-10,2,no,1.3.1.3 x2
754036911,Maroantsetra,3,2,some photographs are of something else,photograph the calendar; some images are of the signboard or the pump,2026-03-13,2026-03-13,1,no,2.15.5 x2; 2.15.6 x1
742898075,Maroantsetra,3,1,some photographs are of something else,photograph the calendar; some images are of the signboard or the pump,2026-03-27,2026-03-27,1,no,2.15.5 x1; 2.15.6 x2
742896437,Maroantsetra,4,2,some photographs are of something else,photograph the calendar; some images are of the signboard or the pump,2025-10-08,2026-05-08,2,no,2.15.5 x2; 2.15.6 x2
833033253,Maroantsetra,2,1,some photographs are of something else,photograph the calendar; some images are of the signboard or the pump,2026-06-03,2026-06-03,1,no,2.15.5 x1; 2.15.6 x1
905251341,Maroantsetra,2,1,some photographs are of something else,photograph the calendar; some images are of the signboard or the pump,2026-06-04,2026-06-04,1,no,2.15.5 x1; 2.15.6 x1
905251358,Maroantsetra,3,2,some photographs are of something else,photograph the calendar; some images are of the signboard or the pump,2026-06-04,2026-06-04,1,no,2.15.5 x1; 2.15.6 x2
778694357,Maroantsetra,3,2,some photographs are of something else,photograph the calendar; some images are of the signboard or the pump,2026-06-05,2026-06-05,1,no,2.15.5 x1; 2.15.6 x2
833032881,Maroantsetra,2,1,some photographs are of something else,photograph the calendar; some images are of the signboard or the pump,2026-06-05,2026-06-05,1,no,2.15.5 x1; 2.15.6 x1
905251334,Maroantsetra,4,3,some photographs are of something else,photograph the calendar; some images are of the signboard or the pump,2026-06-08,2026-06-08,1,no,2.15.5 x2; 2.15.6 x2
833033057,Maroantsetra,2,1,some photographs are of something else,photograph the calendar; some images are of the signboard or the pump,2026-07-08,2026-07-08,1,no,2.15.5 x1; 2.15.6 x1
742895412,Maroantsetra,6,3,some photographs are of something else,photograph the calendar; some images are of the signboard or the pump,2025-11-14,2026-08-18,2,no,2.15.5 x3; 2.15.6 x3
