calendrier,image_id,row_registration,cells_compared,cells_agreeing,agreement,admitted,reason
3,fa2036422461434c9612267ffc474975,none found,,,,no,the fixed row finder found neither the weekend shading nor the month-name band
6,11c8b50200784ddc918ce8e5c02d6f92,shading,366,366,1.0,yes,agreement at or above 0.97
7,7cfaab1720154ef89d7290ca23c161c0,header band,0,0,,no,no day of the sheet had elapsed by the photograph: agreement cannot be measured
11,bfe60cad8fa14d6da1c79d957f948ad9,shading,141,140,0.9929,yes,agreement at or above 0.97
12,ebcb0083761e439c98882431e1f64220,shading,69,69,1.0,yes,agreement at or above 0.97
23,e1a297d3daed456cb730826250b596e4,header band,0,0,,no,no day of the sheet had elapsed by the photograph: agreement cannot be measured
26,7fe767bf77b2445bb3201dff87e4702d,shading,263,262,0.9962,yes,agreement at or above 0.97
30,0ef117690af0487b9667bae6358e79f2,shading,365,353,0.9671,no,agreement below 0.97 (-->? x12)
33,b1bc21759621472aab1d1673ffa1b9be,shading,50,31,0.62,no,agreement below 0.97 (-->X x15; -->? x4)
35,667aff04f8664883b9a866986fbc8194,shading,49,49,1.0,yes,agreement at or above 0.97
36,523434f714714d77902e978dd0f74017,shading,82,82,1.0,yes,agreement at or above 0.97
39,57094246417a4edf964bf5302b21ce5a,shading,365,362,0.9918,yes,agreement at or above 0.97
44,a5aa82016c0c4221b57b7634d60c6e7b,shading,62,61,0.9839,yes,agreement at or above 0.97
85,d887d27b16534df5b758a59bc0628e42,header band,162,161,0.9938,yes,agreement at or above 0.97
86,76930024d8f5424cb0507acc13067d8a,none found,,,,no,the fixed row finder found neither the weekend shading nor the month-name band
87,c80394d16045448e964256aab3c56e4b,header band,83,83,1.0,yes,agreement at or above 0.97
88,0499c7d189af47d4aa2bf392e504c083,shading,120,120,1.0,yes,agreement at or above 0.97
90,545e87f2798444c7a62dedb72c039a97,shading,79,79,1.0,yes,agreement at or above 0.97
92,ffa7f793e48346da842ba53edf718d33,shading,365,275,0.7534,no,agreement below 0.97 (-->X x56; -->? x34)
93,a2eb729bc9f74d07aabdad28ade079cf,none found,,,,no,the fixed row finder found neither the weekend shading nor the month-name band
94,39fa347563d84d3797b5ac2b31ead525,header band,210,208,0.9905,yes,agreement at or above 0.97
95,b800656e867649b1b67b80a832d4200d,shading,366,361,0.9863,yes,agreement at or above 0.97
96,bd0938cffd8046998515f87ffa863d65,shading,332,327,0.9849,yes,agreement at or above 0.97
97,41ccd1d2f69a44afba6afadccdfc7e48,shading,365,356,0.9753,yes,agreement at or above 0.97
98,8c117b961eaf49a596604bd71e0e63aa,header band,71,71,1.0,yes,agreement at or above 0.97
