water_point,site,sheet_year,sheets,first_photo,last_photo,days_covered,days_in_year,fraction_covered
670401615,Fort-Dauphin,2026,1,2025-09-21,2025-09-21,0,365,0.0
670401684,Fort-Dauphin,2025,1,2025-12-12,2025-12-12,346,365,0.9479
670401684,Fort-Dauphin,2026,2,2025-09-21,2026-03-13,72,365,0.1973
670401691,Fort-Dauphin,2025,2,2025-09-21,2025-12-12,346,365,0.9479
670401763,Fort-Dauphin,2026,1,2026-02-20,2026-02-20,51,365,0.1397
670401990,Fort-Dauphin,2026,2,2026-03-11,2026-09-10,253,365,0.6932
670402094,Fort-Dauphin,2026,1,2026-01-28,2026-01-28,28,365,0.0767
670402214,Fort-Dauphin,2026,1,2026-06-06,2026-06-06,157,365,0.4301
698770999,Maroantsetra,2024,1,2025-12-10,2025-12-10,366,366,1.0
698770999,Maroantsetra,2025,1,2025-12-10,2025-12-10,344,365,0.9425
698771000,Maroantsetra,2024,1,2025-12-14,2025-12-14,366,366,1.0
698771000,Maroantsetra,2025,1,2025-12-14,2025-12-14,348,365,0.9534
698771086,unmapped,2024,1,2026-01-31,2026-01-31,366,366,1.0
698771086,unmapped,2025,1,2026-01-31,2026-01-31,365,365,1.0
698771110,Maroantsetra,2025,1,2025-12-12,2025-12-12,346,365,0.9479
698771172,Maroantsetra,2024,1,2025-12-17,2025-12-17,366,366,1.0
698771196,Maroantsetra,2024,1,2025-12-17,2025-12-17,366,366,1.0
698771196,Maroantsetra,2025,1,2025-12-17,2025-12-17,351,365,0.9616
698771237,Maroantsetra,2024,1,2025-12-20,2025-12-20,366,366,1.0
698771237,Maroantsetra,2025,1,2025-12-20,2025-12-20,354,365,0.9699
698771244,Maroantsetra,2025,1,2025-12-19,2025-12-19,353,365,0.9671
698771268,Maroantsetra,2024,1,2026-02-27,2026-02-27,366,366,1.0
698771268,Maroantsetra,2025,1,2026-02-27,2026-02-27,365,365,1.0
698771275,Maroantsetra,2024,1,2025-12-23,2025-12-23,366,366,1.0
698771275,Maroantsetra,2025,2,2025-12-16,2025-12-23,357,365,0.9781
698771859,Maroantsetra,2026,1,2026-09-10,2026-09-10,253,365,0.6932
698771873,Maroantsetra,2024,1,2026-08-06,2026-08-06,366,366,1.0
698771873,Maroantsetra,2025,3,2025-12-20,2026-08-06,365,365,1.0
698771880,Maroantsetra,2024,1,2025-12-20,2025-12-20,366,366,1.0
698771880,Maroantsetra,2025,1,2025-12-20,2025-12-20,354,365,0.9699
698771897,Maroantsetra,2024,1,2026-01-11,2026-01-11,366,366,1.0
698771897,Maroantsetra,2025,1,2026-01-11,2026-01-11,365,365,1.0
698771907,Maroantsetra,2025,1,2026-01-11,2026-01-11,365,365,1.0
698771914,Maroantsetra,2025,1,2026-01-11,2026-01-11,365,365,1.0
698771938,Maroantsetra,2024,2,2026-01-12,2026-01-12,366,366,1.0
698771938,Maroantsetra,2025,1,2026-01-12,2026-01-12,365,365,1.0
698771945,Maroantsetra,2024,1,2026-01-14,2026-01-14,366,366,1.0
698771945,Maroantsetra,2025,1,2026-01-14,2026-01-14,365,365,1.0
698771976,Maroantsetra,2024,1,2026-01-19,2026-01-19,366,366,1.0
698771976,Maroantsetra,2025,1,2026-01-19,2026-01-19,365,365,1.0
698771976,Maroantsetra,2026,1,2026-05-19,2026-05-19,139,365,0.3808
698771976,Maroantsetra,2027,1,2026-05-19,2026-05-19,0,365,0.0
698771983,Maroantsetra,2024,1,2026-02-24,2026-02-24,366,366,1.0
698771983,Maroantsetra,2025,2,2026-01-19,2026-02-24,365,365,1.0
698772001,Maroantsetra,2024,1,2026-01-15,2026-01-15,366,366,1.0
698772001,Maroantsetra,2025,1,2026-01-15,2026-01-15,365,365,1.0
698772018,Maroantsetra,2025,1,2026-01-21,2026-01-21,365,365,1.0
698772032,Maroantsetra,2025,1,2026-01-27,2026-01-27,365,365,1.0
698772056,Maroantsetra,2024,1,2026-01-31,2026-01-31,366,366,1.0
698772063,Maroantsetra,2024,1,2026-01-27,2026-01-27,366,366,1.0
698772063,Maroantsetra,2025,1,2026-01-27,2026-01-27,365,365,1.0
698772087,Maroantsetra,2024,1,2026-01-26,2026-01-26,366,366,1.0
698772104,Maroantsetra,2026,1,2026-02-03,2026-02-03,34,365,0.0932
698772111,Maroantsetra,2026,1,2026-02-05,2026-02-05,36,365,0.0986
698772111,Maroantsetra,2027,1,2026-02-05,2026-02-05,0,365,0.0
698772166,Maroantsetra,2026,1,2026-02-06,2026-02-06,37,365,0.1014
698772166,Maroantsetra,2027,1,2026-02-06,2026-02-06,0,365,0.0
698772173,Maroantsetra,2026,1,2026-02-06,2026-02-06,37,365,0.1014
698772173,Maroantsetra,2027,1,2026-02-06,2026-02-06,0,365,0.0
698772180,Maroantsetra,2026,1,2026-02-06,2026-02-06,37,365,0.1014
698772214,Maroantsetra,2027,1,2026-02-06,2026-02-06,0,365,0.0
698772221,Maroantsetra,2026,1,2026-02-06,2026-02-06,37,365,0.1014
698772221,Maroantsetra,2027,1,2026-02-06,2026-02-06,0,365,0.0
698772238,Maroantsetra,2026,1,2026-02-05,2026-02-05,36,365,0.0986
698772238,Maroantsetra,2027,1,2026-02-05,2026-02-05,0,365,0.0
698772252,Maroantsetra,2026,1,2026-02-05,2026-02-05,36,365,0.0986
698772283,Maroantsetra,2025,1,2026-02-03,2026-02-03,365,365,1.0
698772317,Maroantsetra,2026,1,2026-02-12,2026-02-12,43,365,0.1178
698772317,Maroantsetra,2027,1,2026-02-12,2026-02-12,0,365,0.0
698772331,Maroantsetra,2026,1,2026-02-12,2026-02-12,43,365,0.1178
698772348,Maroantsetra,2026,1,2026-02-13,2026-02-13,44,365,0.1205
698772348,Maroantsetra,2027,1,2026-02-13,2026-02-13,0,365,0.0
698773617,Maroantsetra,2026,1,2026-02-13,2026-02-13,44,365,0.1205
698773617,Maroantsetra,2027,1,2026-02-13,2026-02-13,0,365,0.0
698773631,Maroantsetra,2026,2,2026-04-21,2026-09-03,246,365,0.674
698773648,Maroantsetra,2027,1,2026-02-17,2026-02-17,0,365,0.0
698774003,Maroantsetra,2027,1,2026-03-03,2026-03-03,0,365,0.0
698795345,Maroantsetra,2026,1,2026-09-11,2026-09-11,254,365,0.6959
698795345,Maroantsetra,2027,1,2026-09-11,2026-09-11,0,365,0.0
699595632,Maroantsetra,2027,1,2026-03-12,2026-03-12,0,365,0.0
699595649,Maroantsetra,2026,1,2026-05-19,2026-05-19,139,365,0.3808
699595649,Maroantsetra,2027,1,2026-03-13,2026-03-13,0,365,0.0
699595711,Maroantsetra,2026,1,2026-03-12,2026-03-12,71,365,0.1945
699595711,Maroantsetra,2027,1,2026-03-12,2026-03-12,0,365,0.0
699595759,Maroantsetra,2026,1,2026-03-12,2026-03-12,71,365,0.1945
699595759,Maroantsetra,2027,1,2026-03-12,2026-03-12,0,365,0.0
699595845,Maroantsetra,2025,1,2025-12-25,2025-12-25,359,365,0.9836
699595845,Maroantsetra,2027,2,2026-03-11,2026-07-01,0,365,0.0
699595869,Maroantsetra,2026,1,2026-03-19,2026-03-19,78,365,0.2137
699595869,Maroantsetra,2027,1,2026-03-19,2026-03-19,0,365,0.0
699595876,Maroantsetra,2026,1,2026-04-21,2026-04-21,111,365,0.3041
699595876,Maroantsetra,2027,1,2026-04-21,2026-04-21,0,365,0.0
699595883,Maroantsetra,2027,1,2026-03-17,2026-03-17,0,365,0.0
699595900,Maroantsetra,2026,1,2026-03-19,2026-03-19,78,365,0.2137
699595948,Maroantsetra,2027,1,2026-03-12,2026-03-12,0,365,0.0
699595955,Maroantsetra,2025,1,2025-12-09,2025-12-09,343,365,0.9397
699595986,Maroantsetra,2025,1,2025-12-12,2025-12-12,346,365,0.9479
699596004,Maroantsetra,2024,1,2025-12-12,2025-12-12,366,366,1.0
699596004,Maroantsetra,2025,1,2025-12-12,2025-12-12,346,365,0.9479
699596028,Maroantsetra,2024,1,2025-12-11,2025-12-11,366,366,1.0
699596035,Maroantsetra,2025,2,2025-12-11,2025-12-11,345,365,0.9452
699596059,Maroantsetra,2024,1,2025-12-17,2025-12-17,366,366,1.0
699596664,Maroantsetra,2024,1,2025-12-23,2025-12-23,366,366,1.0
699596664,Maroantsetra,2025,1,2025-12-23,2025-12-23,357,365,0.9781
699596671,Maroantsetra,2024,2,2025-12-13,2025-12-23,366,366,1.0
699596671,Maroantsetra,2025,3,2025-12-13,2026-09-03,365,365,1.0
699596688,Maroantsetra,2024,1,2025-12-23,2025-12-23,366,366,1.0
699596695,Maroantsetra,2024,1,2025-12-19,2025-12-19,366,366,1.0
699596705,Maroantsetra,2024,1,2025-12-23,2025-12-23,366,366,1.0
699596705,Maroantsetra,2025,1,2025-12-23,2025-12-23,357,365,0.9781
699596712,Maroantsetra,2024,1,2026-01-11,2026-01-11,366,366,1.0
699596712,Maroantsetra,2025,1,2026-01-11,2026-01-11,365,365,1.0
699596729,Maroantsetra,2024,1,2026-01-11,2026-01-11,366,366,1.0
699596729,Maroantsetra,2025,1,2026-01-11,2026-01-11,365,365,1.0
699596736,Maroantsetra,2024,1,2026-01-11,2026-01-11,366,366,1.0
699596736,Maroantsetra,2025,1,2026-01-11,2026-01-11,365,365,1.0
699596743,Maroantsetra,2024,1,2026-01-11,2026-01-11,366,366,1.0
699596743,Maroantsetra,2025,1,2026-01-11,2026-01-11,365,365,1.0
699596750,Maroantsetra,2024,1,2026-01-12,2026-01-12,366,366,1.0
699596750,Maroantsetra,2025,1,2026-01-12,2026-01-12,365,365,1.0
699596750,Maroantsetra,2026,1,2026-05-19,2026-05-19,139,365,0.3808
699596750,Maroantsetra,2027,2,2026-05-19,2026-08-20,0,365,0.0
699596781,Maroantsetra,2025,1,2026-01-15,2026-01-15,365,365,1.0
699596808,Maroantsetra,2024,1,2026-01-12,2026-01-12,366,366,1.0
699596808,Maroantsetra,2025,1,2026-01-12,2026-01-12,365,365,1.0
699596815,Maroantsetra,2024,1,2026-01-15,2026-01-15,366,366,1.0
699596815,Maroantsetra,2025,1,2026-01-15,2026-01-15,365,365,1.0
699596853,Maroantsetra,2025,1,2026-01-15,2026-01-15,365,365,1.0
699596877,Maroantsetra,2024,1,2026-01-19,2026-01-19,366,366,1.0
699596891,Maroantsetra,2024,1,2026-01-26,2026-01-26,366,366,1.0
699596891,Maroantsetra,2025,1,2026-01-26,2026-01-26,365,365,1.0
699596901,Maroantsetra,2024,1,2026-01-26,2026-01-26,366,366,1.0
699596918,Maroantsetra,2024,1,2026-01-27,2026-01-27,366,366,1.0
699596925,Maroantsetra,2025,1,2026-01-27,2026-01-27,365,365,1.0
699596932,Maroantsetra,2024,1,2026-01-27,2026-01-27,366,366,1.0
699596956,Maroantsetra,2024,1,2026-01-31,2026-01-31,366,366,1.0
699596956,Maroantsetra,2025,1,2026-01-31,2026-01-31,365,365,1.0
699596963,Maroantsetra,2024,1,2026-01-31,2026-01-31,366,366,1.0
699596970,Maroantsetra,2024,1,2026-02-01,2026-02-01,366,366,1.0
699596970,Maroantsetra,2025,1,2026-02-01,2026-02-01,365,365,1.0
699596994,Maroantsetra,2024,1,2026-02-02,2026-02-02,366,366,1.0
699597012,Maroantsetra,2026,1,2026-02-12,2026-02-12,43,365,0.1178
699597012,Maroantsetra,2027,1,2026-02-12,2026-02-12,0,365,0.0
699597029,Maroantsetra,2026,1,2026-02-10,2026-02-10,41,365,0.1123
699597029,Maroantsetra,2027,1,2026-02-10,2026-02-10,0,365,0.0
699597043,Maroantsetra,2025,1,2026-02-03,2026-02-03,365,365,1.0
699597043,Maroantsetra,2026,1,2026-02-03,2026-02-03,34,365,0.0932
699597050,Maroantsetra,2027,1,2026-02-12,2026-02-12,0,365,0.0
699597067,Maroantsetra,2026,1,2026-02-11,2026-02-11,42,365,0.1151
699597067,Maroantsetra,2027,1,2026-02-11,2026-02-11,0,365,0.0
699597081,Maroantsetra,2025,1,2026-02-03,2026-02-03,365,365,1.0
699597081,Maroantsetra,2026,2,2026-07-14,2026-07-14,195,365,0.5342
699597108,Maroantsetra,2027,1,2026-02-13,2026-02-13,0,365,0.0
699597115,Maroantsetra,2026,1,2026-02-13,2026-02-13,44,365,0.1205
699597115,Maroantsetra,2027,1,2026-02-13,2026-02-13,0,365,0.0
699597122,Maroantsetra,2027,1,2026-02-18,2026-02-18,0,365,0.0
699597335,Maroantsetra,2025,1,2026-02-20,2026-02-20,365,365,1.0
699597366,Maroantsetra,2027,1,2026-02-24,2026-02-24,0,365,0.0
699597407,Maroantsetra,2026,1,2026-06-06,2026-06-06,157,365,0.4301
699597407,Maroantsetra,2027,1,2026-02-25,2026-02-25,0,365,0.0
699597421,Maroantsetra,2026,2,2026-02-25,2026-07-14,195,365,0.5342
699597421,Maroantsetra,2027,1,2026-02-25,2026-02-25,0,365,0.0
699597438,Maroantsetra,2026,1,2026-02-25,2026-02-25,56,365,0.1534
699597452,Maroantsetra,2026,1,2026-02-26,2026-02-26,57,365,0.1562
699597469,Maroantsetra,2027,2,2026-02-26,2026-03-07,0,365,0.0
699597476,Maroantsetra,2027,2,2026-02-26,2026-02-26,0,365,0.0
699597490,Maroantsetra,2026,1,2026-03-03,2026-03-03,62,365,0.1699
699597490,Maroantsetra,2027,1,2026-03-03,2026-03-03,0,365,0.0
699597500,Maroantsetra,2026,1,2026-03-04,2026-03-04,63,365,0.1726
699597500,Maroantsetra,2027,1,2026-03-04,2026-03-04,0,365,0.0
699597531,Maroantsetra,2026,2,2026-03-04,2026-08-10,222,365,0.6082
699597531,Maroantsetra,2027,2,2026-03-04,2026-08-10,0,365,0.0
699597548,Maroantsetra,2027,1,2026-03-04,2026-03-04,0,365,0.0
699597555,Maroantsetra,2027,1,2026-02-27,2026-02-27,0,365,0.0
699597562,Maroantsetra,2024,2,2025-12-11,2026-01-30,366,366,1.0
699597562,Maroantsetra,2025,2,2025-12-11,2026-01-30,365,365,1.0
699597562,Maroantsetra,2026,1,2026-06-12,2026-06-12,163,365,0.4466
699597562,Maroantsetra,2027,1,2026-03-05,2026-03-05,0,365,0.0
699597579,Maroantsetra,2027,1,2026-03-05,2026-03-05,0,365,0.0
699597593,Maroantsetra,2024,1,2026-01-30,2026-01-30,366,366,1.0
699597593,Maroantsetra,2025,1,2026-01-30,2026-01-30,365,365,1.0
699597593,Maroantsetra,2026,1,2026-03-05,2026-03-05,64,365,0.1753
699597603,Maroantsetra,2026,2,2026-07-31,2026-07-31,212,365,0.5808
699597971,Maroantsetra,2026,1,2026-05-22,2026-05-22,142,365,0.389
699597971,Maroantsetra,2027,1,2026-05-22,2026-05-22,0,365,0.0
742893805,Fort-Dauphin,2025,2,2025-12-16,2026-03-16,365,365,1.0
742893805,Fort-Dauphin,2026,1,2026-04-30,2026-04-30,120,365,0.3288
742893836,Fort-Dauphin,2026,2,2026-02-25,2026-05-21,141,365,0.3863
742893843,Fort-Dauphin,2026,2,2026-01-23,2026-05-16,136,365,0.3726
742893850,Fort-Dauphin,2026,2,2026-01-23,2026-01-28,28,365,0.0767
742893867,Fort-Dauphin,2026,4,2026-01-16,2026-09-07,250,365,0.6849
742893898,Fort-Dauphin,2026,1,2026-02-25,2026-02-25,56,365,0.1534
742893915,Fort-Dauphin,2026,1,2026-03-10,2026-03-10,69,365,0.189
742893922,Fort-Dauphin,2026,2,2026-05-21,2026-05-21,141,365,0.3863
742893946,Fort-Dauphin,2026,5,2026-02-05,2026-08-31,243,365,0.6658
742893953,Fort-Dauphin,2026,6,2026-01-16,2026-09-07,250,365,0.6849
742893960,Fort-Dauphin,2026,3,2026-02-26,2026-08-31,243,365,0.6658
742893977,Fort-Dauphin,2026,1,2026-08-31,2026-08-31,243,365,0.6658
742893991,Fort-Dauphin,2026,1,2026-01-22,2026-01-22,22,365,0.0603
742894026,Fort-Dauphin,2026,4,2026-01-14,2026-02-19,50,365,0.137
742894033,Fort-Dauphin,2026,2,2026-02-25,2026-09-08,251,365,0.6877
742894040,Fort-Dauphin,2026,1,2026-06-06,2026-06-06,157,365,0.4301
742894064,Fort-Dauphin,2026,1,2026-02-27,2026-02-27,58,365,0.1589
742894095,Fort-Dauphin,2026,2,2026-03-19,2026-09-02,245,365,0.6712
742894105,Fort-Dauphin,2026,1,2026-03-19,2026-03-19,78,365,0.2137
742894150,Fort-Dauphin,2026,1,2026-05-16,2026-05-16,136,365,0.3726
742894181,Fort-Dauphin,2026,1,2026-02-26,2026-02-26,57,365,0.1562
742894198,Fort-Dauphin,2026,1,2026-02-27,2026-02-27,58,365,0.1589
742894208,Fort-Dauphin,2026,1,2026-03-06,2026-03-06,65,365,0.1781
742894239,Fort-Dauphin,2026,1,2026-03-23,2026-03-23,82,365,0.2247
742894260,Fort-Dauphin,2026,1,2026-03-20,2026-03-20,79,365,0.2164
742894284,Fort-Dauphin,2026,4,2026-01-24,2026-09-07,250,365,0.6849
742894291,Fort-Dauphin,2026,1,2026-03-20,2026-03-20,79,365,0.2164
742894356,Fort-Dauphin,2026,2,2026-02-13,2026-02-13,44,365,0.1205
742894387,Fort-Dauphin,2025,1,2026-01-12,2026-01-12,365,365,1.0
742894387,Fort-Dauphin,2026,1,2026-01-29,2026-01-29,29,365,0.0795
742894411,Fort-Dauphin,2026,2,2026-03-11,2026-09-02,245,365,0.6712
742894428,Fort-Dauphin,2026,1,2026-03-11,2026-03-11,70,365,0.1918
742894435,Fort-Dauphin,2026,1,2026-03-11,2026-03-11,70,365,0.1918
742894459,Fort-Dauphin,2025,1,2025-12-20,2025-12-20,354,365,0.9699
742894459,Fort-Dauphin,2026,2,2026-03-10,2026-06-04,155,365,0.4247
742894466,Fort-Dauphin,2025,1,2026-09-07,2026-09-07,365,365,1.0
742894466,Fort-Dauphin,2026,1,2026-03-23,2026-03-23,82,365,0.2247
742894473,Fort-Dauphin,2026,1,2026-09-02,2026-09-02,245,365,0.6712
742894497,Fort-Dauphin,2026,1,2026-09-07,2026-09-07,250,365,0.6849
742894538,Fort-Dauphin,2026,1,2026-02-07,2026-02-07,38,365,0.1041
742894552,Fort-Dauphin,2026,1,2026-03-12,2026-03-12,71,365,0.1945
742894569,Fort-Dauphin,2026,1,2026-01-23,2026-01-23,23,365,0.063
742894648,Fort-Dauphin,2026,4,2026-01-15,2026-09-02,245,365,0.6712
742894662,Fort-Dauphin,2026,1,2026-05-22,2026-05-22,142,365,0.389
742894693,Fort-Dauphin,2026,1,2026-01-23,2026-01-23,23,365,0.063
742894734,Fort-Dauphin,2026,1,2026-02-16,2026-02-16,47,365,0.1288
742894758,Fort-Dauphin,2027,1,2026-03-27,2026-03-27,0,365,0.0
742894772,Fort-Dauphin,2026,1,2026-03-27,2026-03-27,86,365,0.2356
742894789,Fort-Dauphin,2027,1,2026-05-22,2026-05-22,0,365,0.0
742894796,Fort-Dauphin,2026,1,2026-05-22,2026-05-22,142,365,0.389
742894813,Fort-Dauphin,2026,1,2026-03-27,2026-03-27,86,365,0.2356
742894820,Fort-Dauphin,2026,1,2026-03-26,2026-03-26,85,365,0.2329
742894844,Fort-Dauphin,2026,3,2025-12-18,2026-05-15,135,365,0.3699
742894851,Fort-Dauphin,2025,1,2026-03-26,2026-03-26,365,365,1.0
742894868,Fort-Dauphin,2026,1,2026-06-25,2026-06-25,176,365,0.4822
742894868,Fort-Dauphin,2027,1,2026-03-26,2026-03-26,0,365,0.0
742894909,Fort-Dauphin,2026,1,2026-03-24,2026-03-24,83,365,0.2274
742894916,Fort-Dauphin,2026,2,2026-03-25,2026-05-15,135,365,0.3699
742894923,Fort-Dauphin,2026,1,2026-05-15,2026-05-15,135,365,0.3699
742894930,Fort-Dauphin,2026,1,2026-03-25,2026-03-25,84,365,0.2301
742894978,Fort-Dauphin,2026,4,2026-01-12,2026-06-01,152,365,0.4164
742894985,Fort-Dauphin,2026,2,2026-01-12,2026-06-01,152,365,0.4164
742895034,Fort-Dauphin,2026,2,2026-02-04,2026-03-24,83,365,0.2274
742895137,Fort-Dauphin,2026,1,2026-03-25,2026-03-25,84,365,0.2301
742895151,Fort-Dauphin,2026,1,2026-03-12,2026-03-12,71,365,0.1945
742895168,Fort-Dauphin,2026,1,2026-09-10,2026-09-10,253,365,0.6932
742895182,Fort-Dauphin,2026,1,2026-02-18,2026-02-18,49,365,0.1342
742895199,Fort-Dauphin,2026,2,2026-02-18,2026-02-18,49,365,0.1342
742895216,Fort-Dauphin,2026,2,2026-02-18,2026-02-18,49,365,0.1342
742895230,Fort-Dauphin,2026,2,2026-02-18,2026-05-15,135,365,0.3699
742895278,Fort-Dauphin,2025,3,2026-01-21,2026-05-15,365,365,1.0
742895278,Fort-Dauphin,2026,1,2026-02-10,2026-02-10,41,365,0.1123
742895292,Fort-Dauphin,2025,1,2026-01-21,2026-01-21,365,365,1.0
742895302,Fort-Dauphin,2026,1,2026-05-15,2026-05-15,135,365,0.3699
742895333,Fort-Dauphin,2026,2,2026-01-21,2026-05-15,135,365,0.3699
742895395,Fort-Dauphin,2026,2,2026-02-20,2026-02-20,51,365,0.1397
742895429,Maroantsetra,2025,3,2025-11-15,2025-12-18,352,365,0.9644
742895436,Maroantsetra,2024,1,2025-11-15,2025-11-15,366,366,1.0
742895467,Maroantsetra,2025,1,2025-11-13,2025-11-13,317,365,0.8685
742895474,Maroantsetra,2025,1,2025-12-23,2025-12-23,357,365,0.9781
742895498,Maroantsetra,2025,1,2026-08-20,2026-08-20,365,365,1.0
742895577,Maroantsetra,2025,2,2025-11-13,2026-05-20,365,365,1.0
742895577,Maroantsetra,2026,1,2026-05-20,2026-05-20,140,365,0.3836
742895591,Maroantsetra,2025,1,2026-05-20,2026-05-20,365,365,1.0
742895591,Maroantsetra,2026,1,2026-05-20,2026-05-20,140,365,0.3836
742895625,Maroantsetra,2026,1,2026-03-27,2026-03-27,86,365,0.2356
742895670,Fort-Dauphin,2026,1,2025-09-21,2025-09-21,0,365,0.0
742895687,Fort-Dauphin,2025,1,2025-12-15,2025-12-15,349,365,0.9562
742895704,Fort-Dauphin,2026,2,2025-09-21,2025-12-12,0,365,0.0
742895728,Fort-Dauphin,2026,3,2025-09-21,2026-03-16,75,365,0.2055
742895742,Fort-Dauphin,2025,1,2025-09-20,2025-09-20,263,365,0.7205
742895742,Fort-Dauphin,2026,2,2026-05-15,2026-09-08,251,365,0.6877
742895759,Fort-Dauphin,2026,1,2026-05-13,2026-05-13,133,365,0.3644
742895814,Fort-Dauphin,2026,3,2025-09-21,2026-05-13,133,365,0.3644
742895821,Fort-Dauphin,2027,1,2026-05-15,2026-05-15,0,365,0.0
742895838,Maroantsetra,2025,2,2026-05-22,2026-07-07,365,365,1.0
742895838,Maroantsetra,2026,4,2026-05-22,2026-07-07,188,365,0.5151
742895876,Maroantsetra,2025,2,2026-02-21,2026-09-02,365,365,1.0
742895876,Maroantsetra,2026,2,2026-02-21,2026-09-02,245,365,0.6712
742895883,Maroantsetra,2026,2,2026-02-09,2026-02-09,40,365,0.1096
742895948,Maroantsetra,2025,1,2025-11-24,2025-11-24,328,365,0.8986
742896004,Maroantsetra,2026,1,2026-05-21,2026-05-21,141,365,0.3863
742896011,Maroantsetra,2026,1,2026-05-21,2026-05-21,141,365,0.3863
742896011,Maroantsetra,2027,1,2026-05-21,2026-05-21,0,365,0.0
742896035,Maroantsetra,2025,2,2025-11-28,2025-11-28,332,365,0.9096
742896231,Maroantsetra,2025,1,2025-10-09,2025-10-09,282,365,0.7726
742896255,Maroantsetra,2024,1,2025-10-10,2025-10-10,366,366,1.0
742896255,Maroantsetra,2025,1,2025-10-10,2025-10-10,283,365,0.7753
742896262,Maroantsetra,2025,1,2025-10-09,2025-10-09,282,365,0.7726
742896286,Maroantsetra,2025,1,2025-10-10,2025-10-10,283,365,0.7753
742896310,Maroantsetra,2024,1,2025-10-08,2025-10-08,366,366,1.0
742896310,Maroantsetra,2025,1,2025-10-08,2025-10-08,281,365,0.7699
742896327,Maroantsetra,2024,1,2025-10-10,2025-10-10,366,366,1.0
742896365,Maroantsetra,2024,1,2025-10-10,2025-10-10,366,366,1.0
742896389,Maroantsetra,2025,1,2025-10-10,2025-10-10,283,365,0.7753
742896413,Maroantsetra,2024,1,2025-10-10,2025-10-10,366,366,1.0
742896413,Maroantsetra,2025,1,2025-10-10,2025-10-10,283,365,0.7753
742896444,Maroantsetra,2025,1,2025-10-11,2025-10-11,284,365,0.7781
742896468,Maroantsetra,2024,1,2025-10-10,2025-10-10,366,366,1.0
742896482,Maroantsetra,2025,1,2025-10-10,2025-10-10,283,365,0.7753
742896499,Maroantsetra,2024,1,2025-10-14,2025-10-14,366,366,1.0
742896516,Maroantsetra,2024,1,2025-10-23,2025-10-23,366,366,1.0
742896547,Maroantsetra,2025,1,2025-10-17,2025-10-17,290,365,0.7945
742896561,Maroantsetra,2024,1,2025-10-15,2025-10-15,366,366,1.0
742896561,Maroantsetra,2025,1,2025-10-15,2025-10-15,288,365,0.789
742896602,Maroantsetra,2024,1,2025-10-18,2025-10-18,366,366,1.0
742896619,Maroantsetra,2025,1,2025-10-17,2025-10-17,290,365,0.7945
742896619,Maroantsetra,2026,1,2026-05-19,2026-05-19,139,365,0.3808
742896664,Maroantsetra,2024,1,2025-10-14,2025-10-14,366,366,1.0
742896664,Maroantsetra,2025,1,2025-10-14,2025-10-14,287,365,0.7863
742896688,Maroantsetra,2024,1,2025-10-22,2025-10-22,366,366,1.0
742896695,Maroantsetra,2025,1,2025-10-16,2025-10-16,289,365,0.7918
742896712,Maroantsetra,2024,1,2025-10-22,2025-10-22,366,366,1.0
742896712,Maroantsetra,2025,1,2025-10-22,2025-10-22,295,365,0.8082
742896729,Maroantsetra,2025,1,2025-10-21,2025-10-21,294,365,0.8055
742896750,Maroantsetra,2025,1,2025-10-23,2025-10-23,296,365,0.811
742896839,unmapped,2025,1,2025-10-25,2025-10-25,298,365,0.8164
742896853,Maroantsetra,2024,1,2025-10-29,2025-10-29,366,366,1.0
742896884,Maroantsetra,2024,1,2025-10-29,2025-10-29,366,366,1.0
742896884,Maroantsetra,2025,2,2025-12-09,2026-01-22,365,365,1.0
742896891,Maroantsetra,2025,1,2026-02-10,2026-02-10,365,365,1.0
742896963,Maroantsetra,2025,1,2025-10-31,2025-10-31,304,365,0.8329
742897098,Maroantsetra,2024,1,2025-10-03,2025-10-03,366,366,1.0
742897098,Maroantsetra,2025,1,2025-10-03,2025-10-03,276,365,0.7562
742897115,Maroantsetra,2024,1,2025-10-02,2025-10-02,366,366,1.0
742897153,Maroantsetra,2024,1,2025-10-04,2025-10-04,366,366,1.0
742897153,Maroantsetra,2025,2,2025-10-04,2026-06-25,365,365,1.0
742897249,Maroantsetra,2024,1,2026-03-03,2026-03-03,366,366,1.0
742897249,Maroantsetra,2025,1,2025-10-06,2025-10-06,279,365,0.7644
742897263,Maroantsetra,2024,1,2025-10-03,2025-10-03,366,366,1.0
742897263,Maroantsetra,2025,3,2025-10-03,2026-03-02,365,365,1.0
742897270,Maroantsetra,2024,1,2025-09-27,2025-09-27,366,366,1.0
742897287,Maroantsetra,2025,1,2025-10-01,2025-10-01,274,365,0.7507
742897294,Maroantsetra,2025,1,2025-10-02,2025-10-02,275,365,0.7534
742897335,Maroantsetra,2024,1,2026-01-09,2026-01-09,366,366,1.0
742897335,Maroantsetra,2025,1,2025-10-02,2025-10-02,275,365,0.7534
742897342,Maroantsetra,2025,1,2025-09-27,2025-09-27,270,365,0.7397
742897407,Maroantsetra,2024,1,2025-09-20,2025-09-20,366,366,1.0
742897414,Maroantsetra,2024,2,2025-12-06,2025-12-06,366,366,1.0
742897414,Maroantsetra,2025,1,2025-12-06,2025-12-06,340,365,0.9315
742897452,Maroantsetra,2024,2,2025-12-06,2025-12-06,366,366,1.0
742897524,Maroantsetra,2025,2,2025-09-28,2025-09-28,271,365,0.7425
742897548,Maroantsetra,2024,1,2025-09-25,2025-09-25,366,366,1.0
742897548,Maroantsetra,2025,1,2025-09-25,2025-09-25,268,365,0.7342
742897579,Maroantsetra,2024,1,2025-09-18,2025-09-18,366,366,1.0
742897579,Maroantsetra,2025,1,2025-09-18,2025-09-18,261,365,0.7151
742897586,Maroantsetra,2024,1,2025-09-29,2025-09-29,366,366,1.0
742897586,Maroantsetra,2025,1,2025-09-29,2025-09-29,272,365,0.7452
742897627,Maroantsetra,2024,1,2025-10-05,2025-10-05,366,366,1.0
742897627,Maroantsetra,2025,1,2025-10-05,2025-10-05,278,365,0.7616
742897641,Maroantsetra,2024,1,2025-09-20,2025-09-20,366,366,1.0
742897641,Maroantsetra,2026,1,2026-07-07,2026-07-07,188,365,0.5151
742897641,Maroantsetra,2027,1,2026-07-07,2026-07-07,0,365,0.0
742897658,Maroantsetra,2027,1,2026-03-25,2026-03-25,0,365,0.0
742897665,Maroantsetra,2024,1,2025-10-05,2025-10-05,366,366,1.0
742897665,Maroantsetra,2025,1,2025-10-05,2025-10-05,278,365,0.7616
742897689,Maroantsetra,2024,1,2025-09-19,2025-09-19,366,366,1.0
742897713,Maroantsetra,2026,1,2026-03-25,2026-03-25,84,365,0.2301
742897720,Maroantsetra,2024,1,2025-09-21,2025-09-21,366,366,1.0
742897720,Maroantsetra,2026,1,2025-09-21,2025-09-21,0,365,0.0
742897744,Maroantsetra,2025,1,2025-09-20,2025-09-20,263,365,0.7205
742897809,Maroantsetra,2025,1,2026-04-23,2026-04-23,365,365,1.0
742897823,Maroantsetra,2026,1,2026-03-25,2026-03-25,84,365,0.2301
742897823,Maroantsetra,2027,1,2026-03-25,2026-03-25,0,365,0.0
742897847,Maroantsetra,2024,1,2025-09-25,2025-09-25,366,366,1.0
742897847,Maroantsetra,2025,1,2025-09-25,2025-09-25,268,365,0.7342
742897878,Maroantsetra,2024,1,2026-06-20,2026-06-20,366,366,1.0
742897878,Maroantsetra,2025,3,2025-09-20,2025-12-29,363,365,0.9945
742897885,Maroantsetra,2024,1,2025-09-24,2025-09-24,366,366,1.0
742897885,Maroantsetra,2025,2,2025-09-24,2026-06-06,365,365,1.0
742897885,Maroantsetra,2026,1,2026-07-14,2026-07-14,195,365,0.5342
742897902,Maroantsetra,2025,1,2025-09-25,2025-09-25,268,365,0.7342
742897926,Maroantsetra,2026,2,2026-08-26,2026-08-26,238,365,0.6521
742897933,Maroantsetra,2026,1,2026-03-25,2026-03-25,84,365,0.2301
742897933,Maroantsetra,2027,1,2026-03-25,2026-03-25,0,365,0.0
742897971,Maroantsetra,2025,1,2025-09-26,2025-09-26,269,365,0.737
742897988,Maroantsetra,2025,1,2025-12-30,2025-12-30,364,365,0.9973
742897988,Maroantsetra,2027,1,2026-03-24,2026-03-24,0,365,0.0
742897995,Maroantsetra,2026,2,2026-03-24,2026-03-24,83,365,0.2274
742897995,Maroantsetra,2027,2,2026-03-24,2026-03-24,0,365,0.0
742898013,Maroantsetra,2026,1,2026-03-25,2026-03-25,84,365,0.2301
742898020,Maroantsetra,2026,1,2026-03-27,2026-03-27,86,365,0.2356
742898020,Maroantsetra,2027,1,2026-03-27,2026-03-27,0,365,0.0
742898037,Maroantsetra,2027,1,2026-04-21,2026-04-21,0,365,0.0
742898044,Maroantsetra,2026,1,2026-03-27,2026-03-27,86,365,0.2356
742898044,Maroantsetra,2027,1,2026-03-27,2026-03-27,0,365,0.0
742898068,Maroantsetra,2026,1,2026-03-27,2026-03-27,86,365,0.2356
742898082,Maroantsetra,2026,2,2026-03-27,2026-05-21,141,365,0.3863
742898082,Maroantsetra,2027,1,2026-03-27,2026-03-27,0,365,0.0
742898109,Maroantsetra,2026,1,2026-03-27,2026-03-27,86,365,0.2356
742972377,Maroantsetra,2027,1,2026-03-11,2026-03-11,0,365,0.0
763895314,Maroantsetra,2027,1,2026-06-12,2026-06-12,0,365,0.0
763895321,Maroantsetra,2026,1,2026-06-12,2026-06-12,163,365,0.4466
763895321,Maroantsetra,2027,1,2026-06-12,2026-06-12,0,365,0.0
764113653,Maroantsetra,2024,1,2026-03-13,2026-03-13,366,366,1.0
764113653,Maroantsetra,2025,1,2026-03-13,2026-03-13,365,365,1.0
764166242,Maroantsetra,2026,2,2026-06-12,2026-06-12,163,365,0.4466
764166242,Maroantsetra,2027,1,2026-06-12,2026-06-12,0,365,0.0
765855507,Maroantsetra,2027,1,2026-07-28,2026-07-28,0,365,0.0
767290205,Maroantsetra,2027,1,2026-07-25,2026-07-25,0,365,0.0
767290212,Maroantsetra,2026,1,2026-07-25,2026-07-25,206,365,0.5644
767290212,Maroantsetra,2027,1,2026-07-25,2026-07-25,0,365,0.0
768979123,Maroantsetra,2027,1,2026-07-30,2026-07-30,0,365,0.0
768991507,Maroantsetra,2026,1,2026-07-29,2026-07-29,210,365,0.5753
768991507,Maroantsetra,2027,1,2026-07-29,2026-07-29,0,365,0.0
769020855,Maroantsetra,2026,2,2026-07-30,2026-07-30,211,365,0.5781
769020855,Maroantsetra,2027,1,2026-07-30,2026-07-30,0,365,0.0
771580686,Maroantsetra,2027,1,2026-08-07,2026-08-07,0,365,0.0
771580693,Maroantsetra,2026,1,2026-04-21,2026-04-21,111,365,0.3041
771580693,Maroantsetra,2027,1,2026-04-21,2026-04-21,0,365,0.0
771580703,Maroantsetra,2026,1,2026-03-19,2026-03-19,78,365,0.2137
771580703,Maroantsetra,2027,1,2026-03-19,2026-03-19,0,365,0.0
771580710,Maroantsetra,2026,1,2026-03-13,2026-03-13,72,365,0.1973
771580710,Maroantsetra,2027,1,2026-03-13,2026-03-13,0,365,0.0
771580727,Maroantsetra,2025,2,2025-12-11,2026-02-18,365,365,1.0
771580727,Maroantsetra,2027,1,2026-03-17,2026-03-17,0,365,0.0
771580734,Maroantsetra,2026,1,2026-03-13,2026-03-13,72,365,0.1973
771580734,Maroantsetra,2027,1,2026-03-13,2026-03-13,0,365,0.0
771580741,Maroantsetra,2026,1,2026-03-17,2026-03-17,76,365,0.2082
771580741,Maroantsetra,2027,2,2026-03-17,2026-03-17,0,365,0.0
771783434,Maroantsetra,2024,1,2026-03-11,2026-03-11,366,366,1.0
771783434,Maroantsetra,2025,1,2026-03-11,2026-03-11,365,365,1.0
771783434,Maroantsetra,2027,1,2026-03-19,2026-03-19,0,365,0.0
771799231,Maroantsetra,2026,1,2026-08-12,2026-08-12,224,365,0.6137
771799231,Maroantsetra,2027,1,2026-08-12,2026-08-12,0,365,0.0
771799248,Maroantsetra,2027,1,2026-03-20,2026-03-20,0,365,0.0
771799255,Maroantsetra,2026,1,2026-08-12,2026-08-12,224,365,0.6137
771799255,Maroantsetra,2027,2,2026-03-18,2026-08-12,0,365,0.0
771799262,Maroantsetra,2026,1,2026-03-18,2026-03-18,77,365,0.211
771799262,Maroantsetra,2027,2,2026-03-18,2026-08-07,0,365,0.0
771799279,Maroantsetra,2026,1,2026-03-19,2026-03-19,78,365,0.2137
771799286,Maroantsetra,2027,1,2026-03-19,2026-03-19,0,365,0.0
771799293,Maroantsetra,2027,1,2026-08-19,2026-08-19,0,365,0.0
771799303,Maroantsetra,2026,1,2026-03-19,2026-03-19,78,365,0.2137
771799303,Maroantsetra,2027,1,2026-03-19,2026-03-19,0,365,0.0
772300771,Maroantsetra,2026,1,2026-06-11,2026-06-11,162,365,0.4438
772300771,Maroantsetra,2027,1,2026-06-11,2026-06-11,0,365,0.0
772365307,Maroantsetra,2026,1,2026-07-24,2026-07-24,205,365,0.5616
772365307,Maroantsetra,2027,1,2026-07-24,2026-07-24,0,365,0.0
772383873,Maroantsetra,2027,1,2026-07-23,2026-07-23,0,365,0.0
772741428,Maroantsetra,2026,1,2026-06-11,2026-06-11,162,365,0.4438
773024427,Maroantsetra,2027,1,2026-06-11,2026-06-11,0,365,0.0
773028603,Maroantsetra,2027,1,2026-06-10,2026-06-10,0,365,0.0
773042759,Maroantsetra,2024,1,2026-06-06,2026-06-06,366,366,1.0
773042759,Maroantsetra,2025,2,2026-06-06,2026-07-20,365,365,1.0
773044940,Maroantsetra,2026,1,2026-06-09,2026-06-09,160,365,0.4384
773597170,Maroantsetra,2026,1,2026-06-11,2026-06-11,162,365,0.4438
773597170,Maroantsetra,2027,1,2026-06-11,2026-06-11,0,365,0.0
773614497,Maroantsetra,2025,1,2026-03-20,2026-03-20,365,365,1.0
773614497,Maroantsetra,2026,1,2026-06-09,2026-06-09,160,365,0.4384
773614497,Maroantsetra,2027,1,2026-06-09,2026-06-09,0,365,0.0
774001555,Maroantsetra,2026,1,2026-05-20,2026-05-20,140,365,0.3836
774001555,Maroantsetra,2027,1,2026-05-20,2026-05-20,0,365,0.0
774009687,Maroantsetra,2026,2,2026-05-19,2026-06-05,156,365,0.4274
774009687,Maroantsetra,2027,2,2026-05-19,2026-06-05,0,365,0.0
775756210,Maroantsetra,2025,1,2026-07-20,2026-07-20,365,365,1.0
775756210,Maroantsetra,2026,1,2026-07-20,2026-07-20,201,365,0.5507
775759299,Maroantsetra,2026,2,2026-06-10,2026-07-29,210,365,0.5753
775759299,Maroantsetra,2027,1,2026-07-29,2026-07-29,0,365,0.0
776596880,Maroantsetra,2025,1,2026-06-10,2026-06-10,365,365,1.0
776596880,Maroantsetra,2026,1,2026-06-10,2026-06-10,161,365,0.4411
777126165,Maroantsetra,2025,1,2026-06-10,2026-06-10,365,365,1.0
777126165,Maroantsetra,2026,1,2026-06-10,2026-06-10,161,365,0.4411
778246888,Maroantsetra,2025,1,2026-07-20,2026-07-20,365,365,1.0
778246888,Maroantsetra,2026,1,2026-07-20,2026-07-20,201,365,0.5507
778747750,Maroantsetra,2026,1,2026-07-20,2026-07-20,201,365,0.5507
779461066,Maroantsetra,2025,1,2026-07-20,2026-07-20,365,365,1.0
779461066,Maroantsetra,2026,2,2026-07-20,2026-07-20,201,365,0.5507
779461073,Maroantsetra,2025,1,2026-07-19,2026-07-19,365,365,1.0
779506385,Maroantsetra,2026,1,2026-03-25,2026-03-25,84,365,0.2301
780230042,Maroantsetra,2025,1,2026-07-04,2026-07-04,365,365,1.0
780230042,Maroantsetra,2026,1,2026-07-04,2026-07-04,185,365,0.5068
781059150,Maroantsetra,2025,1,2026-07-04,2026-07-04,365,365,1.0
781059150,Maroantsetra,2026,1,2026-07-04,2026-07-04,185,365,0.5068
781126427,Maroantsetra,2026,1,2026-07-03,2026-07-03,184,365,0.5041
781940247,Maroantsetra,2026,2,2026-07-10,2026-07-10,191,365,0.5233
782134533,Maroantsetra,2026,1,2026-03-12,2026-03-12,71,365,0.1945
782134533,Maroantsetra,2027,1,2026-03-12,2026-03-12,0,365,0.0
783186074,unmapped,2027,1,2026-02-17,2026-02-17,0,365,0.0
783484655,Maroantsetra,2025,1,2026-07-09,2026-07-09,365,365,1.0
783761183,Maroantsetra,2026,2,2026-07-10,2026-07-10,191,365,0.5233
784302954,Maroantsetra,2025,1,2026-07-09,2026-07-09,365,365,1.0
786865303,Maroantsetra,2025,1,2026-07-09,2026-07-09,365,365,1.0
786872060,Maroantsetra,2026,3,2026-05-22,2026-06-03,154,365,0.4219
786872060,Maroantsetra,2027,1,2026-05-22,2026-05-22,0,365,0.0
791122592,Maroantsetra,2025,1,2026-07-03,2026-07-03,365,365,1.0
791122592,Maroantsetra,2026,1,2026-07-03,2026-07-03,184,365,0.5041
791617832,Maroantsetra,2025,1,2026-05-30,2026-05-30,365,365,1.0
791617832,Maroantsetra,2026,1,2026-05-30,2026-05-30,150,365,0.411
792022655,Maroantsetra,2026,3,2026-05-30,2026-05-30,150,365,0.411
792494830,Maroantsetra,2025,1,2026-05-30,2026-05-30,365,365,1.0
792494830,Maroantsetra,2026,1,2026-05-30,2026-05-30,150,365,0.411
792699587,Maroantsetra,2026,1,2026-05-20,2026-05-20,140,365,0.3836
792699587,Maroantsetra,2027,1,2026-05-20,2026-05-20,0,365,0.0
794012210,Maroantsetra,2026,1,2026-05-30,2026-05-30,150,365,0.411
794587460,Maroantsetra,2025,2,2026-05-29,2026-07-21,365,365,1.0
794587460,Maroantsetra,2026,2,2026-02-11,2026-05-29,149,365,0.4082
795836457,Maroantsetra,2025,2,2026-05-28,2026-05-28,365,365,1.0
795836457,Maroantsetra,2026,2,2026-05-28,2026-05-28,148,365,0.4055
797195301,Maroantsetra,2026,1,2026-05-23,2026-05-23,143,365,0.3918
797195301,Maroantsetra,2027,1,2026-05-23,2026-05-23,0,365,0.0
797885233,Maroantsetra,2025,1,2026-09-03,2026-09-03,365,365,1.0
797885233,Maroantsetra,2026,1,2026-05-29,2026-05-29,149,365,0.4082
799521955,Maroantsetra,2025,1,2026-05-29,2026-05-29,365,365,1.0
800634100,Maroantsetra,2025,1,2026-06-03,2026-06-03,365,365,1.0
803229680,Maroantsetra,2026,2,2026-05-29,2026-05-29,149,365,0.4082
805544226,Maroantsetra,2026,3,2026-02-23,2026-05-29,149,365,0.4082
805544226,Maroantsetra,2027,1,2026-05-19,2026-05-19,0,365,0.0
810377501,Maroantsetra,2025,1,2026-05-29,2026-05-29,365,365,1.0
810377501,Maroantsetra,2026,1,2026-05-29,2026-05-29,149,365,0.4082
810943803,Maroantsetra,2025,2,2026-02-28,2026-05-29,365,365,1.0
810943803,Maroantsetra,2026,2,2026-02-28,2026-05-29,149,365,0.4082
812862094,Maroantsetra,2025,1,2026-06-03,2026-06-03,365,365,1.0
812862094,Maroantsetra,2026,1,2026-06-03,2026-06-03,154,365,0.4219
813642325,Maroantsetra,2025,1,2026-06-18,2026-06-18,365,365,1.0
813642325,Maroantsetra,2026,2,2026-06-18,2026-06-18,169,365,0.463
813933184,Maroantsetra,2025,1,2026-06-24,2026-06-24,365,365,1.0
813933184,Maroantsetra,2026,1,2026-06-24,2026-06-24,175,365,0.4795
815132789,Maroantsetra,2025,1,2026-06-24,2026-06-24,365,365,1.0
815132789,Maroantsetra,2026,1,2026-06-24,2026-06-24,175,365,0.4795
816234895,Maroantsetra,2025,1,2026-06-18,2026-06-18,365,365,1.0
816234895,Maroantsetra,2026,1,2026-06-18,2026-06-18,169,365,0.463
817548803,Maroantsetra,2025,1,2026-06-16,2026-06-16,365,365,1.0
817548803,Maroantsetra,2026,1,2026-06-16,2026-06-16,167,365,0.4575
819378051,Maroantsetra,2025,2,2026-05-21,2026-06-17,365,365,1.0
819378051,Maroantsetra,2026,2,2026-05-21,2026-06-17,168,365,0.4603
820198370,Maroantsetra,2025,1,2026-06-16,2026-06-16,365,365,1.0
820198370,Maroantsetra,2026,1,2026-06-16,2026-06-16,167,365,0.4575
820780971,Maroantsetra,2025,3,2026-05-21,2026-06-16,365,365,1.0
820780971,Maroantsetra,2026,3,2026-05-21,2026-06-16,167,365,0.4575
822906175,Maroantsetra,2025,1,2026-06-04,2026-06-04,365,365,1.0
822906175,Maroantsetra,2026,1,2026-06-04,2026-06-04,155,365,0.4247
823946480,Maroantsetra,2025,1,2026-06-04,2026-06-04,365,365,1.0
824580917,Maroantsetra,2026,1,2026-06-04,2026-06-04,155,365,0.4247
825367379,Maroantsetra,2025,1,2026-06-25,2026-06-25,365,365,1.0
825367379,Maroantsetra,2026,1,2026-06-25,2026-06-25,176,365,0.4822
833032630,Maroantsetra,2026,1,2026-07-30,2026-07-30,211,365,0.5781
833032630,Maroantsetra,2027,1,2026-07-30,2026-07-30,0,365,0.0
833032647,Maroantsetra,2026,2,2026-05-28,2026-06-11,162,365,0.4438
833032647,Maroantsetra,2027,1,2026-06-11,2026-06-11,0,365,0.0
833032654,Maroantsetra,2026,1,2026-07-22,2026-07-22,203,365,0.5562
833032654,Maroantsetra,2027,1,2026-07-22,2026-07-22,0,365,0.0
833032661,Maroantsetra,2026,1,2026-06-11,2026-06-11,162,365,0.4438
833032678,Maroantsetra,2027,1,2026-07-24,2026-07-24,0,365,0.0
833032685,unmapped,2026,2,2026-07-23,2026-07-23,204,365,0.5589
833032685,unmapped,2027,1,2026-07-23,2026-07-23,0,365,0.0
833032692,Maroantsetra,2026,1,2026-07-23,2026-07-23,204,365,0.5589
833032702,Maroantsetra,2026,1,2026-06-09,2026-06-09,160,365,0.4384
833032702,Maroantsetra,2027,1,2026-06-09,2026-06-09,0,365,0.0
833032764,Maroantsetra,2025,1,2025-12-16,2025-12-16,350,365,0.9589
833032771,Maroantsetra,2024,2,2025-12-06,2026-06-06,366,366,1.0
833032771,Maroantsetra,2025,1,2025-12-06,2025-12-06,340,365,0.9315
833032812,Maroantsetra,2026,1,2026-07-19,2026-07-19,200,365,0.5479
833032836,Maroantsetra,2027,1,2026-07-19,2026-07-19,0,365,0.0
833032867,Maroantsetra,2024,1,2026-06-05,2026-06-05,366,366,1.0
833032867,Maroantsetra,2025,1,2026-06-05,2026-06-05,365,365,1.0
833032946,Maroantsetra,2027,1,2026-06-10,2026-06-10,0,365,0.0
833032953,Maroantsetra,2026,1,2026-06-10,2026-06-10,161,365,0.4411
833032984,Maroantsetra,2025,1,2026-07-19,2026-07-19,365,365,1.0
833033002,Maroantsetra,2026,1,2026-07-19,2026-07-19,200,365,0.5479
833033019,Maroantsetra,2025,1,2026-06-05,2026-06-05,365,365,1.0
833033040,Maroantsetra,2025,1,2026-07-03,2026-07-03,365,365,1.0
833033064,Maroantsetra,2025,2,2026-03-02,2026-07-10,365,365,1.0
833033064,Maroantsetra,2026,2,2026-03-02,2026-07-10,191,365,0.5233
833033095,Maroantsetra,2025,1,2026-07-09,2026-07-09,365,365,1.0
833033105,Maroantsetra,2025,1,2026-07-10,2026-07-10,365,365,1.0
833033105,Maroantsetra,2026,2,2026-07-10,2026-07-10,191,365,0.5233
833033208,Maroantsetra,2025,1,2026-05-29,2026-05-29,365,365,1.0
833033208,Maroantsetra,2026,1,2026-05-29,2026-05-29,149,365,0.4082
833033246,Maroantsetra,2026,2,2026-05-22,2026-05-29,149,365,0.4082
897922492,Maroantsetra,2025,1,2026-06-25,2026-06-25,365,365,1.0
897922492,Maroantsetra,2026,1,2026-06-25,2026-06-25,176,365,0.4822
897922519,Maroantsetra,2026,1,2026-06-19,2026-06-19,170,365,0.4658
897922595,Maroantsetra,2026,1,2026-06-25,2026-06-25,176,365,0.4822
905251190,Maroantsetra,2025,1,2026-06-25,2026-06-25,365,365,1.0
905251190,Maroantsetra,2026,1,2026-06-25,2026-06-25,176,365,0.4822
905251200,Maroantsetra,2026,2,2026-06-24,2026-06-24,175,365,0.4795
905251217,Maroantsetra,2025,1,2026-06-24,2026-06-24,365,365,1.0
905251217,Maroantsetra,2026,1,2026-06-24,2026-06-24,175,365,0.4795
905251224,Maroantsetra,2025,1,2026-06-25,2026-06-25,365,365,1.0
905251224,Maroantsetra,2026,1,2026-06-25,2026-06-25,176,365,0.4822
905251248,Maroantsetra,2025,1,2026-06-18,2026-06-18,365,365,1.0
905251248,Maroantsetra,2026,1,2026-06-18,2026-06-18,169,365,0.463
905251255,Maroantsetra,2025,1,2026-06-16,2026-06-16,365,365,1.0
905251262,Maroantsetra,2025,1,2026-09-03,2026-09-03,365,365,1.0
905251262,Maroantsetra,2026,1,2026-06-16,2026-06-16,167,365,0.4575
905251279,Maroantsetra,2025,2,2026-03-10,2026-06-16,365,365,1.0
905251279,Maroantsetra,2026,1,2026-03-10,2026-03-10,69,365,0.189
905251293,Maroantsetra,2025,1,2026-06-17,2026-06-17,365,365,1.0
905251293,Maroantsetra,2026,2,2026-06-17,2026-06-17,168,365,0.4603
905251327,Maroantsetra,2025,1,2026-06-04,2026-06-04,365,365,1.0
905251327,Maroantsetra,2026,1,2026-06-04,2026-06-04,155,365,0.4247
905251372,Maroantsetra,2026,1,2026-06-04,2026-06-04,155,365,0.4247
905251396,Maroantsetra,2025,1,2025-12-15,2025-12-15,349,365,0.9562
905251396,Maroantsetra,2026,2,2025-12-15,2026-06-03,154,365,0.4219
