code,site,pump,has_calendar_photo,most_recent,days_since,photos_total,photos_last_12m,last_form,last_question
670401615,Fort-Dauphin,Canzee,True,2026-02-17,212,5,5,preventive-maintenance,2.15.5 calendrier des gardiens
670401639,Fort-Dauphin,Canzee,False,,,0,0,,
670401684,Fort-Dauphin,Canzee,True,2026-03-13,188,5,5,repair-after-breakdown,1.3.1.3 photo du calendrier
670401691,Fort-Dauphin,Canzee,True,2026-05-17,123,6,6,preventive-maintenance,2.15.5 calendrier des gardiens
670401732,Fort-Dauphin,Canzee,False,,,0,0,,
670401749,Fort-Dauphin,IndiaMark,False,,,0,0,,
670401763,Fort-Dauphin,Canzee,True,2026-02-20,209,2,2,preventive-maintenance,2.15.5 calendrier des gardiens
670401770,Fort-Dauphin,IndiaMark,False,,,0,0,,
670401990,Fort-Dauphin,IndiaMark,True,2026-09-10,7,3,3,repair-after-breakdown,1.3.1.3 photo du calendrier
670402056,Fort-Dauphin,IndiaMark,False,,,0,0,,
670402094,Fort-Dauphin,IndiaMark,True,2026-01-28,232,2,2,preventive-maintenance,2.15.5 calendrier des gardiens
670402214,Fort-Dauphin,IndiaMark,True,2026-06-06,103,6,6,repair-after-breakdown,1.3.1.3 photo du calendrier
670402221,Fort-Dauphin,IndiaMark,False,,,0,0,,
698770982,Maroantsetra,Canzee,True,2025-12-14,277,3,3,preventive-maintenance,2.15.5 calendrier des gardiens
698770999,Maroantsetra,Canzee,True,2025-12-10,281,3,3,preventive-maintenance,2.15.5 calendrier des gardiens
698771000,Maroantsetra,Canzee,True,2025-12-14,277,3,3,preventive-maintenance,2.15.5 calendrier des gardiens
698771031,Maroantsetra,Canzee,True,2025-12-14,277,3,3,preventive-maintenance,2.15.5 calendrier des gardiens
698771048,Maroantsetra,Canzee,True,2025-12-14,277,3,3,preventive-maintenance,2.15.5 calendrier des gardiens
698771062,Maroantsetra,Canzee,True,2025-12-11,280,3,3,preventive-maintenance,2.15.5 calendrier des gardiens
698771103,Maroantsetra,Canzee,False,,,0,0,,
698771110,Maroantsetra,Canzee,True,2025-12-12,279,3,3,preventive-maintenance,2.15.5 calendrier des gardiens
698771141,Maroantsetra,Canzee,True,2026-05-25,115,5,5,repair-after-breakdown,1.3.1.3 photo du calendrier
698771172,Maroantsetra,Canzee,True,2025-12-17,274,3,3,preventive-maintenance,2.15.5 calendrier des gardiens
698771196,Maroantsetra,Canzee,True,2025-12-17,274,3,3,preventive-maintenance,2.15.5 calendrier des gardiens
698771206,Maroantsetra,Canzee,True,2026-03-20,181,5,5,preventive-maintenance,2.15.5 calendrier des gardiens
698771213,Maroantsetra,Canzee,True,2025-12-14,277,3,3,preventive-maintenance,2.15.5 calendrier des gardiens
698771220,Maroantsetra,Canzee,True,2025-12-13,278,3,3,preventive-maintenance,2.15.5 calendrier des gardiens
698771237,Maroantsetra,Canzee,True,2025-12-20,271,3,3,preventive-maintenance,2.15.5 calendrier des gardiens
698771244,Maroantsetra,Canzee,True,2025-12-19,272,3,3,preventive-maintenance,2.15.5 calendrier des gardiens
698771251,Maroantsetra,Canzee,True,2025-12-19,272,3,3,preventive-maintenance,2.15.5 calendrier des gardiens
698771268,Maroantsetra,Canzee,True,2026-02-27,202,4,4,repair-after-breakdown,1.3.1.3 photo du calendrier
698771275,Maroantsetra,Canzee,True,2025-12-23,268,5,5,preventive-maintenance,2.15.5 calendrier des gardiens
698771859,Maroantsetra,Canzee,True,2026-09-10,7,5,5,repair-after-breakdown,1.3.1.3 photo du calendrier
698771873,Maroantsetra,Canzee,True,2026-08-06,42,7,7,repair-after-breakdown,1.3.1.3 photo du calendrier
698771880,Maroantsetra,Canzee,True,2025-12-20,271,3,3,preventive-maintenance,2.15.5 calendrier des gardiens
698771897,Maroantsetra,Canzee,True,2026-01-11,249,3,3,preventive-maintenance,2.15.5 calendrier des gardiens
698771907,Maroantsetra,Canzee,True,2026-01-11,249,3,3,preventive-maintenance,2.15.5 calendrier des gardiens
698771914,Maroantsetra,Canzee,True,2026-01-11,249,3,3,preventive-maintenance,2.15.5 calendrier des gardiens
698771921,Maroantsetra,Canzee,True,2026-01-12,248,2,2,preventive-maintenance,2.15.5 calendrier des gardiens
698771938,Maroantsetra,Canzee,True,2026-01-12,248,3,3,preventive-maintenance,2.15.5 calendrier des gardiens
698771945,Maroantsetra,Canzee,True,2026-01-14,246,3,3,preventive-maintenance,2.15.5 calendrier des gardiens
698771952,Maroantsetra,Canzee,True,2026-01-14,246,3,3,preventive-maintenance,2.15.5 calendrier des gardiens
698771969,Maroantsetra,Canzee,True,2026-01-26,234,3,3,repair-after-breakdown,1.3.1.3 photo du calendrier
698771976,Maroantsetra,Canzee,True,2026-05-19,121,6,6,preventive-maintenance,2.15.5 calendrier des gardiens
698771983,Maroantsetra,Canzee,True,2026-02-24,205,5,5,repair-after-breakdown,1.3.1.3 photo du calendrier
698772001,Maroantsetra,Canzee,True,2026-01-15,245,3,3,preventive-maintenance,2.15.5 calendrier des gardiens
698772018,Maroantsetra,Canzee,True,2026-01-21,239,3,3,preventive-maintenance,2.15.5 calendrier des gardiens
698772025,Maroantsetra,Canzee,True,2026-01-26,234,2,2,preventive-maintenance,2.15.5 calendrier des gardiens
698772032,Maroantsetra,Canzee,True,2026-01-27,233,3,3,preventive-maintenance,2.15.5 calendrier des gardiens
698772056,Maroantsetra,Canzee,True,2026-01-31,229,3,3,preventive-maintenance,2.15.5 calendrier des gardiens
698772063,Maroantsetra,Canzee,True,2026-01-27,233,3,3,preventive-maintenance,2.15.5 calendrier des gardiens
698772087,Maroantsetra,Canzee,True,2026-01-26,234,3,3,preventive-maintenance,2.15.5 calendrier des gardiens
698772094,Maroantsetra,Canzee,True,2026-01-27,233,2,2,preventive-maintenance,2.15.5 calendrier des gardiens
698772104,Maroantsetra,Canzee,True,2026-02-03,226,3,3,preventive-maintenance,2.15.5 calendrier des gardiens
698772111,Maroantsetra,Canzee,True,2026-02-05,224,3,3,preventive-maintenance,2.15.5 calendrier des gardiens
698772135,Maroantsetra,Canzee,True,2026-02-05,224,2,2,preventive-maintenance,2.15.5 calendrier des gardiens
698772142,Maroantsetra,Canzee,True,2026-02-02,227,3,3,preventive-maintenance,2.15.5 calendrier des gardiens
698772166,Maroantsetra,Canzee,True,2026-02-06,223,3,3,preventive-maintenance,2.15.5 calendrier des gardiens
698772173,Maroantsetra,Canzee,True,2026-02-06,223,3,3,preventive-maintenance,2.15.5 calendrier des gardiens
698772180,Maroantsetra,Canzee,True,2026-02-06,223,3,3,preventive-maintenance,2.15.5 calendrier des gardiens
698772197,Maroantsetra,Canzee,True,2026-02-11,218,2,2,preventive-maintenance,2.15.5 calendrier des gardiens
698772214,Maroantsetra,Canzee,True,2026-02-06,223,3,3,preventive-maintenance,2.15.5 calendrier des gardiens
698772221,Maroantsetra,Canzee,True,2026-02-06,223,3,3,preventive-maintenance,2.15.5 calendrier des gardiens
698772238,Maroantsetra,Canzee,True,2026-02-05,224,3,3,preventive-maintenance,2.15.5 calendrier des gardiens
698772245,Maroantsetra,Canzee,True,2026-02-05,224,2,2,preventive-maintenance,2.15.5 calendrier des gardiens
698772252,Maroantsetra,Canzee,True,2026-02-05,224,3,3,preventive-maintenance,2.15.5 calendrier des gardiens
698772283,Maroantsetra,Canzee,True,2026-02-03,226,3,3,preventive-maintenance,2.15.5 calendrier des gardiens
698772317,Maroantsetra,Canzee,True,2026-02-12,217,3,3,preventive-maintenance,2.15.5 calendrier des gardiens
698772331,Maroantsetra,Canzee,True,2026-02-12,217,3,3,preventive-maintenance,2.15.5 calendrier des gardiens
698772348,Maroantsetra,Canzee,True,2026-02-13,216,3,3,preventive-maintenance,2.15.5 calendrier des gardiens
698773617,Maroantsetra,Canzee,True,2026-02-13,216,3,3,preventive-maintenance,2.15.5 calendrier des gardiens
698773624,Maroantsetra,Canzee,False,,,0,0,,
698773631,Maroantsetra,Canzee,True,2026-09-03,14,5,5,repair-after-breakdown,1.3.1.3 photo du calendrier
698773648,Maroantsetra,Canzee,True,2026-02-17,212,3,3,preventive-maintenance,2.15.5 calendrier des gardiens
698774003,Maroantsetra,Canzee,True,2026-03-03,198,3,3,preventive-maintenance,2.15.5 calendrier des gardiens
698795345,Maroantsetra,Canzee,True,2026-09-11,6,10,10,repair-after-breakdown,1.3.1.3 photo du calendrier
699595632,Maroantsetra,Canzee,True,2026-03-12,189,3,3,preventive-maintenance,2.15.5 calendrier des gardiens
699595649,Maroantsetra,Canzee,True,2026-05-19,121,5,5,repair-after-breakdown,1.3.1.3 photo du calendrier
699595711,Maroantsetra,Canzee,True,2026-03-12,189,3,3,preventive-maintenance,2.15.5 calendrier des gardiens
699595728,Maroantsetra,Canzee,True,2026-03-12,189,3,3,preventive-maintenance,2.15.5 calendrier des gardiens
699595759,Maroantsetra,Canzee,True,2026-03-12,189,3,3,preventive-maintenance,2.15.5 calendrier des gardiens
699595845,Maroantsetra,Canzee,True,2026-07-01,78,6,6,repair-after-breakdown,1.3.1.3 photo du calendrier
699595869,Maroantsetra,Canzee,True,2026-03-19,182,5,5,preventive-maintenance,2.15.5 calendrier des gardiens
699595876,Maroantsetra,Canzee,True,2026-04-21,149,3,3,preventive-maintenance,2.15.5 calendrier des gardiens
699595883,Maroantsetra,Canzee,True,2026-03-17,184,3,3,preventive-maintenance,2.15.5 calendrier des gardiens
699595900,Maroantsetra,Canzee,True,2026-03-19,182,3,3,preventive-maintenance,2.15.5 calendrier des gardiens
699595917,Maroantsetra,Canzee,True,2026-03-17,184,3,3,preventive-maintenance,2.15.5 calendrier des gardiens
699595931,Maroantsetra,Canzee,False,,,0,0,,
699595948,Maroantsetra,Canzee,True,2026-03-12,189,3,3,preventive-maintenance,2.15.5 calendrier des gardiens
699595955,Maroantsetra,Canzee,True,2025-12-09,282,3,3,preventive-maintenance,2.15.5 calendrier des gardiens
699595962,Maroantsetra,Canzee,True,2025-12-10,281,3,3,preventive-maintenance,2.15.5 calendrier des gardiens
699595979,Maroantsetra,Canzee,True,2025-12-11,280,3,3,preventive-maintenance,2.15.5 calendrier des gardiens
699595986,Maroantsetra,Canzee,True,2025-12-12,279,3,3,preventive-maintenance,2.15.5 calendrier des gardiens
699595993,Maroantsetra,Canzee,True,2025-12-11,280,3,3,preventive-maintenance,2.15.5 calendrier des gardiens
699596004,Maroantsetra,Canzee,True,2025-12-12,279,3,3,preventive-maintenance,2.15.5 calendrier des gardiens
699596011,Maroantsetra,Canzee,True,2025-12-14,277,2,2,preventive-maintenance,2.15.5 calendrier des gardiens
699596028,Maroantsetra,Canzee,True,2025-12-11,280,3,3,preventive-maintenance,2.15.5 calendrier des gardiens
699596035,Maroantsetra,Canzee,True,2025-12-11,280,3,3,preventive-maintenance,2.15.5 calendrier des gardiens
699596059,Maroantsetra,Canzee,True,2025-12-17,274,3,3,preventive-maintenance,2.15.5 calendrier des gardiens
699596066,Maroantsetra,Canzee,True,2025-12-17,274,3,3,preventive-maintenance,2.15.5 calendrier des gardiens
699596073,Maroantsetra,Canzee,True,2025-12-17,274,3,3,preventive-maintenance,2.15.5 calendrier des gardiens
699596107,Maroantsetra,Canzee,True,2026-01-29,231,5,5,repair-after-breakdown,1.3.1.3 photo du calendrier
699596114,Maroantsetra,Canzee,True,2025-12-20,271,3,3,preventive-maintenance,2.15.5 calendrier des gardiens
699596121,Maroantsetra,Canzee,False,,,0,0,,
699596664,Maroantsetra,Canzee,True,2025-12-23,268,3,3,preventive-maintenance,2.15.5 calendrier des gardiens
699596671,Maroantsetra,Canzee,True,2026-09-03,14,7,7,repair-after-breakdown,1.3.1.3 photo du calendrier
699596688,Maroantsetra,Canzee,True,2025-12-23,268,3,3,preventive-maintenance,2.15.5 calendrier des gardiens
699596695,Maroantsetra,Canzee,True,2025-12-19,272,3,3,preventive-maintenance,2.15.5 calendrier des gardiens
699596705,Maroantsetra,Canzee,True,2025-12-23,268,3,3,preventive-maintenance,2.15.5 calendrier des gardiens
699596712,Maroantsetra,Canzee,True,2026-01-11,249,3,3,preventive-maintenance,2.15.5 calendrier des gardiens
699596729,Maroantsetra,Canzee,True,2026-01-11,249,3,3,preventive-maintenance,2.15.5 calendrier des gardiens
699596736,Maroantsetra,Canzee,True,2026-01-11,249,4,4,preventive-maintenance,2.15.5 calendrier des gardiens
699596743,Maroantsetra,Canzee,True,2026-01-11,249,3,3,preventive-maintenance,2.15.5 calendrier des gardiens
699596750,Maroantsetra,Canzee,True,2026-08-20,28,7,7,repair-after-breakdown,1.3.1.3 photo du calendrier
699596767,Maroantsetra,Canzee,True,2026-01-12,248,2,2,preventive-maintenance,2.15.5 calendrier des gardiens
699596774,Maroantsetra,Canzee,True,2026-01-15,245,3,3,preventive-maintenance,2.15.5 calendrier des gardiens
699596781,Maroantsetra,Canzee,True,2026-01-15,245,3,3,preventive-maintenance,2.15.5 calendrier des gardiens
699596808,Maroantsetra,Canzee,True,2026-01-12,248,3,3,preventive-maintenance,2.15.5 calendrier des gardiens
699596815,Maroantsetra,Canzee,True,2026-01-15,245,3,3,preventive-maintenance,2.15.5 calendrier des gardiens
699596853,Maroantsetra,Canzee,True,2026-01-15,245,3,3,preventive-maintenance,2.15.5 calendrier des gardiens
699596860,Maroantsetra,Canzee,True,2026-01-19,241,2,2,preventive-maintenance,2.15.5 calendrier des gardiens
699596877,Maroantsetra,Canzee,True,2026-01-19,241,3,3,preventive-maintenance,2.15.5 calendrier des gardiens
699596891,Maroantsetra,Canzee,True,2026-01-26,234,3,3,preventive-maintenance,2.15.5 calendrier des gardiens
699596901,Maroantsetra,Canzee,True,2026-01-26,234,3,3,preventive-maintenance,2.15.5 calendrier des gardiens
699596918,Maroantsetra,Canzee,True,2026-01-27,233,3,3,preventive-maintenance,2.15.5 calendrier des gardiens
699596925,Maroantsetra,Canzee,True,2026-05-19,121,6,6,preventive-maintenance,2.15.5 calendrier des gardiens
699596932,Maroantsetra,Canzee,True,2026-01-27,233,3,3,preventive-maintenance,2.15.5 calendrier des gardiens
699596956,Maroantsetra,Canzee,True,2026-01-31,229,3,3,preventive-maintenance,2.15.5 calendrier des gardiens
699596963,Maroantsetra,Canzee,True,2026-01-31,229,3,3,preventive-maintenance,2.15.5 calendrier des gardiens
699596970,Maroantsetra,Canzee,True,2026-02-01,228,3,3,preventive-maintenance,2.15.5 calendrier des gardiens
699596994,Maroantsetra,Canzee,True,2026-02-02,227,3,3,preventive-maintenance,2.15.5 calendrier des gardiens
699597005,Maroantsetra,Canzee,True,2026-02-02,227,3,3,preventive-maintenance,2.15.5 calendrier des gardiens
699597012,Maroantsetra,Canzee,True,2026-02-12,217,3,3,preventive-maintenance,2.15.5 calendrier des gardiens
699597029,Maroantsetra,Canzee,True,2026-02-10,219,3,3,preventive-maintenance,2.15.5 calendrier des gardiens
699597036,Maroantsetra,Canzee,True,2026-02-11,218,3,3,preventive-maintenance,2.15.5 calendrier des gardiens
699597043,Maroantsetra,Canzee,True,2026-02-03,226,3,3,preventive-maintenance,2.15.5 calendrier des gardiens
699597050,Maroantsetra,Canzee,True,2026-02-12,217,3,3,preventive-maintenance,2.15.5 calendrier des gardiens
699597067,Maroantsetra,Canzee,True,2026-02-11,218,3,3,preventive-maintenance,2.15.5 calendrier des gardiens
699597081,Maroantsetra,Canzee,True,2026-07-14,65,5,5,repair-after-breakdown,1.3.1.3 photo du calendrier
699597098,Maroantsetra,Canzee,True,2026-02-01,228,2,2,preventive-maintenance,2.15.5 calendrier des gardiens
699597108,Maroantsetra,Canzee,True,2026-09-04,13,5,5,preventive-maintenance,2.15.5 calendrier des gardiens
699597115,Maroantsetra,Canzee,True,2026-02-13,216,3,3,preventive-maintenance,2.15.5 calendrier des gardiens
699597122,Maroantsetra,Canzee,True,2026-02-18,211,3,3,preventive-maintenance,2.15.5 calendrier des gardiens
699597328,Maroantsetra,Canzee,True,2026-02-24,205,3,3,preventive-maintenance,2.15.5 calendrier des gardiens
699597335,Maroantsetra,Canzee,True,2026-02-20,209,3,3,preventive-maintenance,2.15.5 calendrier des gardiens
699597342,Maroantsetra,Canzee,True,2026-02-20,209,3,3,preventive-maintenance,2.15.5 calendrier des gardiens
699597359,Maroantsetra,Canzee,True,2026-02-20,209,5,5,preventive-maintenance,2.15.5 calendrier des gardiens
699597366,Maroantsetra,Canzee,True,2026-02-24,205,3,3,preventive-maintenance,2.15.5 calendrier des gardiens
699597373,Maroantsetra,Canzee,True,2026-06-28,81,4,4,repair-after-breakdown,1.3.1.3 photo du calendrier
699597397,Maroantsetra,Canzee,True,2026-02-20,209,3,3,preventive-maintenance,2.15.5 calendrier des gardiens
699597407,Maroantsetra,Canzee,True,2026-06-06,103,9,9,preventive-maintenance,2.15.5 calendrier des gardiens
699597414,Maroantsetra,Canzee,True,2026-02-26,203,2,2,preventive-maintenance,2.15.5 calendrier des gardiens
699597421,Maroantsetra,Canzee,True,2026-07-14,65,5,5,preventive-maintenance,2.15.5 calendrier des gardiens
699597438,Maroantsetra,Canzee,True,2026-02-25,204,3,3,preventive-maintenance,2.15.5 calendrier des gardiens
699597452,Maroantsetra,Canzee,True,2026-02-26,203,4,4,preventive-maintenance,2.15.5 calendrier des gardiens
699597469,Maroantsetra,Canzee,True,2026-03-07,194,5,5,repair-after-breakdown,1.3.1.3 photo du calendrier
699597476,Maroantsetra,Canzee,True,2026-02-26,203,2,2,preventive-maintenance,2.15.5 calendrier des gardiens
699597483,Maroantsetra,Canzee,True,2026-02-27,202,3,3,preventive-maintenance,2.15.5 calendrier des gardiens
699597490,Maroantsetra,Canzee,True,2026-03-03,198,4,4,preventive-maintenance,2.15.5 calendrier des gardiens
699597500,Maroantsetra,Canzee,True,2026-08-07,41,6,6,preventive-maintenance,2.15.5 calendrier des gardiens
699597517,Maroantsetra,Canzee,False,,,0,0,,
699597531,Maroantsetra,Canzee,True,2026-08-10,38,7,7,preventive-maintenance,2.15.5 calendrier des gardiens
699597548,Maroantsetra,Canzee,True,2026-09-04,13,8,8,repair-after-breakdown,1.3.1.3 photo du calendrier
699597555,Maroantsetra,Canzee,True,2026-02-27,202,3,3,preventive-maintenance,2.15.5 calendrier des gardiens
699597562,Maroantsetra,Canzee,True,2026-06-12,97,8,8,repair-after-breakdown,1.3.1.3 photo du calendrier
699597579,Maroantsetra,Canzee,True,2026-03-05,196,3,3,preventive-maintenance,2.15.5 calendrier des gardiens
699597593,Maroantsetra,Canzee,True,2026-03-05,196,5,5,preventive-maintenance,2.15.5 calendrier des gardiens
699597603,Maroantsetra,Canzee,True,2026-07-31,48,3,3,preventive-maintenance,2.15.5 calendrier des gardiens
699597610,Maroantsetra,Canzee,True,2025-11-25,296,1,1,repair-after-breakdown,1.3.1.3 photo du calendrier
699597641,Maroantsetra,Canzee,False,,,0,0,,
699597658,Maroantsetra,Canzee,False,,,0,0,,
699597665,Maroantsetra,Canzee,False,,,0,0,,
699597696,Maroantsetra,Canzee,False,,,0,0,,
699597720,Maroantsetra,Canzee,False,,,0,0,,
699597737,Maroantsetra,Canzee,False,,,0,0,,
699597768,Maroantsetra,Canzee,False,,,0,0,,
699597775,Maroantsetra,Canzee,False,,,0,0,,
699597799,Maroantsetra,Canzee,True,2025-12-01,290,1,1,repair-after-breakdown,1.3.1.3 photo du calendrier
699597809,Maroantsetra,Canzee,True,2025-11-29,292,2,2,repair-after-breakdown,1.3.1.3 photo du calendrier
699597823,Maroantsetra,Canzee,False,,,0,0,,
699597854,Maroantsetra,Canzee,False,,,0,0,,
699597861,Maroantsetra,Canzee,False,,,0,0,,
699597885,Maroantsetra,Canzee,False,,,0,0,,
699597892,Maroantsetra,Canzee,False,,,0,0,,
699597919,Maroantsetra,Canzee,False,,,0,0,,
699597933,Maroantsetra,Canzee,False,,,0,0,,
699597940,Maroantsetra,Canzee,False,,,0,0,,
699597957,Maroantsetra,Canzee,False,,,0,0,,
699597964,Maroantsetra,Canzee,False,,,0,0,,
699597971,Maroantsetra,Canzee,True,2026-05-22,118,3,3,preventive-maintenance,2.15.5 calendrier des gardiens
699597988,Maroantsetra,Canzee,True,2026-02-10,219,2,2,repair-after-breakdown,1.3.1.3 photo du calendrier
699597995,Maroantsetra,Canzee,True,2026-05-22,118,1,1,repair-after-breakdown,1.3.1.3 photo du calendrier
699598013,Maroantsetra,Canzee,False,,,0,0,,
699598044,Maroantsetra,Canzee,True,2026-05-21,119,1,1,repair-after-breakdown,1.3.1.3 photo du calendrier
718551997,Maroantsetra,Canzee,True,2025-11-13,308,3,3,preventive-maintenance,2.15.5 calendrier des gardiens
718552008,Maroantsetra,Canzee,True,2025-11-06,315,2,2,preventive-maintenance,2.15.5 calendrier des gardiens
742893805,Fort-Dauphin,Canzee,True,2026-04-30,140,7,7,repair-after-breakdown,1.3.1.3 photo du calendrier
742893829,Fort-Dauphin,IndiaMark,True,2026-02-05,224,2,2,preventive-maintenance,2.15.5 calendrier des gardiens
742893836,Fort-Dauphin,IndiaMark,True,2026-05-21,119,4,4,preventive-maintenance,2.15.5 calendrier des gardiens
742893843,Fort-Dauphin,Canzee,True,2026-05-16,124,3,3,repair-after-breakdown,1.3.1.3 photo du calendrier
742893850,Fort-Dauphin,Canzee,True,2026-01-28,232,4,4,repair-after-breakdown,1.3.1.3 photo du calendrier
742893867,Fort-Dauphin,Canzee,True,2026-09-07,10,4,4,repair-after-breakdown,1.3.1.3 photo du calendrier
742893874,Fort-Dauphin,IndiaMark,True,2026-02-11,218,2,2,preventive-maintenance,2.15.5 calendrier des gardiens
742893881,Fort-Dauphin,IndiaMark,False,,,0,0,,
742893898,Fort-Dauphin,IndiaMark,True,2026-02-25,204,2,2,preventive-maintenance,2.15.5 calendrier des gardiens
742893915,Fort-Dauphin,IndiaMark,True,2026-03-10,191,2,2,preventive-maintenance,2.15.5 calendrier des gardiens
742893922,Fort-Dauphin,IndiaMark,True,2026-05-21,119,4,4,preventive-maintenance,2.15.5 calendrier des gardiens
742893939,Fort-Dauphin,Canzee,False,,,0,0,,
742893946,Fort-Dauphin,Canzee,True,2026-08-31,17,10,10,repair-after-breakdown,1.3.1.3 photo du calendrier
742893953,Fort-Dauphin,Canzee,True,2026-09-07,10,8,8,repair-after-breakdown,1.3.1.3 photo du calendrier
742893960,Fort-Dauphin,Canzee,True,2026-08-31,17,8,8,repair-after-breakdown,1.3.1.3 photo du calendrier
742893977,Fort-Dauphin,IndiaMark,True,2026-08-31,17,3,3,repair-after-breakdown,1.3.1.3 photo du calendrier
742893991,Fort-Dauphin,IndiaMark,True,2026-01-22,238,1,1,repair-after-breakdown,1.3.1.3 photo du calendrier
742894026,Fort-Dauphin,Canzee,True,2026-02-19,210,4,4,preventive-maintenance,2.15.5 calendrier des gardiens
742894033,Fort-Dauphin,IndiaMark,True,2026-09-08,9,3,3,repair-after-breakdown,1.3.1.3 photo du calendrier
742894040,Fort-Dauphin,IndiaMark,True,2026-06-06,103,4,4,repair-after-breakdown,1.3.1.3 photo du calendrier
742894064,Fort-Dauphin,IndiaMark,True,2026-02-27,202,2,2,preventive-maintenance,2.15.5 calendrier des gardiens
742894071,Fort-Dauphin,IndiaMark,True,2026-02-26,203,2,2,preventive-maintenance,2.15.5 calendrier des gardiens
742894088,Fort-Dauphin,IndiaMark,False,,,0,0,,
742894095,Fort-Dauphin,IndiaMark,True,2026-09-02,15,3,3,repair-after-breakdown,1.3.1.3 photo du calendrier
742894105,Fort-Dauphin,IndiaMark,True,2026-03-19,182,2,2,preventive-maintenance,2.15.5 calendrier des gardiens
742894150,Fort-Dauphin,Canzee,True,2026-05-16,124,3,3,repair-after-breakdown,1.3.1.3 photo du calendrier
742894181,Fort-Dauphin,IndiaMark,True,2026-02-26,203,2,2,preventive-maintenance,2.15.5 calendrier des gardiens
742894198,Fort-Dauphin,IndiaMark,True,2026-02-27,202,1,1,repair-after-breakdown,1.3.1.3 photo du calendrier
742894208,Fort-Dauphin,IndiaMark,True,2026-03-06,195,3,3,preventive-maintenance,2.15.5 calendrier des gardiens
742894222,Fort-Dauphin,IndiaMark,False,,,0,0,,
742894239,Fort-Dauphin,IndiaMark,True,2026-03-23,178,2,2,preventive-maintenance,2.15.5 calendrier des gardiens
742894246,Fort-Dauphin,IndiaMark,True,2026-03-20,181,1,1,preventive-maintenance,2.15.5 calendrier des gardiens
742894253,Fort-Dauphin,IndiaMark,True,2026-06-06,103,3,3,repair-after-breakdown,1.3.1.3 photo du calendrier
742894260,Fort-Dauphin,IndiaMark,True,2026-03-20,181,5,4,preventive-maintenance,2.15.5 calendrier des gardiens
742894284,Fort-Dauphin,IndiaMark,True,2026-09-07,10,5,5,repair-after-breakdown,1.3.1.3 photo du calendrier
742894291,Fort-Dauphin,IndiaMark,True,2026-03-20,181,2,2,preventive-maintenance,2.15.5 calendrier des gardiens
742894301,Fort-Dauphin,IndiaMark,True,2026-02-12,217,2,2,preventive-maintenance,2.15.5 calendrier des gardiens
742894318,Fort-Dauphin,IndiaMark,True,2026-02-12,217,2,2,preventive-maintenance,2.15.5 calendrier des gardiens
742894356,Fort-Dauphin,IndiaMark,True,2026-02-13,216,2,2,preventive-maintenance,2.15.5 calendrier des gardiens
742894363,Fort-Dauphin,IndiaMark,True,2026-02-13,216,2,2,preventive-maintenance,2.15.5 calendrier des gardiens
742894370,Fort-Dauphin,IndiaMark,True,2026-02-13,216,2,2,preventive-maintenance,2.15.5 calendrier des gardiens
742894387,Fort-Dauphin,IndiaMark,True,2026-01-29,231,3,3,preventive-maintenance,2.15.5 calendrier des gardiens
742894411,Fort-Dauphin,IndiaMark,True,2026-09-02,15,3,3,repair-after-breakdown,1.3.1.3 photo du calendrier
742894428,Fort-Dauphin,IndiaMark,True,2026-03-11,190,2,2,preventive-maintenance,2.15.5 calendrier des gardiens
742894435,Fort-Dauphin,IndiaMark,True,2026-03-11,190,2,2,preventive-maintenance,2.15.5 calendrier des gardiens
742894442,Fort-Dauphin,IndiaMark,True,2026-06-04,105,4,4,preventive-maintenance,2.15.5 calendrier des gardiens
742894459,Fort-Dauphin,IndiaMark,True,2026-06-04,105,5,5,preventive-maintenance,2.15.5 calendrier des gardiens
742894466,Fort-Dauphin,Canzee,True,2026-09-07,10,3,3,repair-after-breakdown,1.3.1.3 photo du calendrier
742894473,Fort-Dauphin,IndiaMark,True,2026-09-02,15,3,3,repair-after-breakdown,1.3.1.3 photo du calendrier
742894480,Fort-Dauphin,IndiaMark,False,,,0,0,,
742894497,Fort-Dauphin,IndiaMark,True,2026-09-07,10,3,3,repair-after-breakdown,1.3.1.3 photo du calendrier
742894514,Fort-Dauphin,Canzee,True,2026-01-14,246,2,2,preventive-maintenance,2.15.5 calendrier des gardiens
742894521,Fort-Dauphin,Canzee,True,2026-01-16,244,2,2,preventive-maintenance,2.15.5 calendrier des gardiens
742894538,Fort-Dauphin,IndiaMark,True,2026-02-07,222,2,2,preventive-maintenance,2.15.5 calendrier des gardiens
742894552,Fort-Dauphin,IndiaMark,True,2026-03-12,189,3,3,repair-after-breakdown,1.3.1.3 photo du calendrier
742894569,Fort-Dauphin,Canzee,True,2026-01-23,237,2,2,preventive-maintenance,2.15.5 calendrier des gardiens
742894583,Fort-Dauphin,IndiaMark,True,2026-01-15,245,3,3,preventive-maintenance,2.15.5 calendrier des gardiens
742894590,Fort-Dauphin,Canzee,True,2026-09-02,15,5,5,repair-after-breakdown,1.3.1.3 photo du calendrier
742894600,Fort-Dauphin,Canzee,False,,,0,0,,
742894648,Fort-Dauphin,Canzee,True,2026-09-02,15,5,5,repair-after-breakdown,1.3.1.3 photo du calendrier
742894655,Fort-Dauphin,Canzee,True,2026-09-14,3,1,1,repair-after-breakdown,1.3.1.3 photo du calendrier
742894662,Fort-Dauphin,Canzee,True,2026-05-22,118,4,4,preventive-maintenance,2.15.5 calendrier des gardiens
742894686,Fort-Dauphin,IndiaMark,False,,,0,0,,
742894693,Fort-Dauphin,IndiaMark,True,2026-01-23,237,2,2,preventive-maintenance,2.15.5 calendrier des gardiens
742894703,Fort-Dauphin,IndiaMark,False,,,0,0,,
742894734,Fort-Dauphin,IndiaMark,True,2026-02-16,213,1,1,repair-after-breakdown,1.3.1.3 photo du calendrier
742894758,Fort-Dauphin,Canzee,True,2026-06-01,108,3,3,repair-after-breakdown,1.3.1.3 photo du calendrier
742894772,Fort-Dauphin,IndiaMark,True,2026-03-27,174,2,2,preventive-maintenance,2.15.5 calendrier des gardiens
742894789,Fort-Dauphin,IndiaMark,True,2026-05-22,118,2,2,preventive-maintenance,2.15.5 calendrier des gardiens
742894796,Fort-Dauphin,IndiaMark,True,2026-05-22,118,2,2,preventive-maintenance,2.15.5 calendrier des gardiens
742894806,Fort-Dauphin,IndiaMark,False,,,0,0,,
742894813,Fort-Dauphin,IndiaMark,True,2026-03-27,174,2,2,preventive-maintenance,2.15.5 calendrier des gardiens
742894820,Fort-Dauphin,IndiaMark,True,2026-03-26,175,2,2,preventive-maintenance,2.15.5 calendrier des gardiens
742894837,Fort-Dauphin,IndiaMark,True,2026-01-22,238,1,1,repair-after-breakdown,1.3.1.3 photo du calendrier
742894844,Fort-Dauphin,Canzee,True,2026-05-15,125,7,7,preventive-maintenance,2.15.5 calendrier des gardiens
742894851,Fort-Dauphin,Canzee,True,2026-03-26,175,4,4,preventive-maintenance,2.15.5 calendrier des gardiens
742894868,Fort-Dauphin,Canzee,True,2026-06-25,84,3,3,repair-after-breakdown,1.3.1.3 photo du calendrier
742894875,Fort-Dauphin,Canzee,True,2026-03-25,176,1,1,preventive-maintenance,2.15.5 calendrier des gardiens
742894909,Fort-Dauphin,IndiaMark,True,2026-03-24,177,3,3,repair-after-breakdown,1.3.1.3 photo du calendrier
742894916,Fort-Dauphin,IndiaMark,True,2026-05-15,125,3,3,repair-after-breakdown,1.3.1.3 photo du calendrier
742894923,Fort-Dauphin,IndiaMark,True,2026-05-16,124,5,5,preventive-maintenance,2.15.5 calendrier des gardiens
742894930,Fort-Dauphin,IndiaMark,True,2026-09-02,15,4,4,repair-after-breakdown,1.3.1.3 photo du calendrier
742894978,Fort-Dauphin,Canzee,True,2026-09-02,15,6,6,repair-after-breakdown,1.3.1.3 photo du calendrier
742894985,Fort-Dauphin,Canzee,True,2026-06-01,108,5,5,preventive-maintenance,2.15.5 calendrier des gardiens
742895034,Fort-Dauphin,IndiaMark,True,2026-03-24,177,4,4,preventive-maintenance,2.15.5 calendrier des gardiens
742895113,Fort-Dauphin,Canzee,False,,,0,0,,
742895120,Fort-Dauphin,Canzee,True,2026-03-26,175,2,2,preventive-maintenance,2.15.5 calendrier des gardiens
742895137,Fort-Dauphin,IndiaMark,True,2026-03-25,176,2,2,preventive-maintenance,2.15.5 calendrier des gardiens
742895144,Fort-Dauphin,IndiaMark,False,,,0,0,,
742895151,Fort-Dauphin,IndiaMark,True,2026-03-12,189,2,2,repair-after-breakdown,1.3.1.3 photo du calendrier
742895168,Fort-Dauphin,IndiaMark,True,2026-09-10,7,7,7,repair-after-breakdown,1.3.1.3 photo du calendrier
742895182,Fort-Dauphin,IndiaMark,True,2026-02-18,211,2,2,preventive-maintenance,2.15.5 calendrier des gardiens
742895199,Fort-Dauphin,IndiaMark,True,2026-02-18,211,2,2,preventive-maintenance,2.15.5 calendrier des gardiens
742895209,Fort-Dauphin,IndiaMark,True,2026-02-18,211,2,2,preventive-maintenance,2.15.5 calendrier des gardiens
742895216,Fort-Dauphin,IndiaMark,True,2026-02-18,211,2,2,preventive-maintenance,2.15.5 calendrier des gardiens
742895230,Fort-Dauphin,Canzee,True,2026-05-15,125,4,4,preventive-maintenance,2.15.5 calendrier des gardiens
742895247,Fort-Dauphin,IndiaMark,True,2026-02-20,209,2,2,preventive-maintenance,2.15.5 calendrier des gardiens
742895254,Maroantsetra,Canzee,True,2025-11-14,307,3,3,preventive-maintenance,2.15.5 calendrier des gardiens
742895278,Fort-Dauphin,IndiaMark,True,2026-05-15,125,5,5,preventive-maintenance,2.15.5 calendrier des gardiens
742895285,Fort-Dauphin,IndiaMark,True,2026-01-21,239,2,2,preventive-maintenance,2.15.5 calendrier des gardiens
742895292,Fort-Dauphin,IndiaMark,True,2026-05-14,126,3,3,repair-after-breakdown,1.3.1.3 photo du calendrier
742895302,Fort-Dauphin,Canzee,True,2026-05-15,125,5,4,preventive-maintenance,2.15.5 calendrier des gardiens
742895326,Maroantsetra,Canzee,True,2025-11-14,307,3,3,preventive-maintenance,2.15.5 calendrier des gardiens
742895333,Fort-Dauphin,IndiaMark,True,2026-05-15,125,6,6,preventive-maintenance,2.15.5 calendrier des gardiens
742895340,Maroantsetra,Canzee,True,2026-06-12,97,6,6,repair-after-breakdown,1.3.1.3 photo du calendrier
742895371,Maroantsetra,Canzee,True,2025-11-15,306,3,3,preventive-maintenance,2.15.5 calendrier des gardiens
742895395,Fort-Dauphin,Canzee,True,2026-02-20,209,2,2,preventive-maintenance,2.15.5 calendrier des gardiens
742895405,Fort-Dauphin,Canzee,True,2026-04-21,149,3,3,preventive-maintenance,2.15.5 calendrier des gardiens
742895412,Maroantsetra,Canzee,True,2026-08-18,30,6,6,preventive-maintenance,2.15.5 calendrier des gardiens
742895429,Maroantsetra,Canzee,True,2025-12-18,273,5,5,repair-after-breakdown,1.3.1.3 photo du calendrier
742895436,Maroantsetra,Canzee,True,2025-11-15,306,3,3,preventive-maintenance,2.15.5 calendrier des gardiens
742895443,Maroantsetra,Canzee,True,2025-11-14,307,3,3,preventive-maintenance,2.15.5 calendrier des gardiens
742895450,Maroantsetra,Canzee,True,2025-11-17,304,3,3,preventive-maintenance,2.15.5 calendrier des gardiens
742895467,Maroantsetra,Canzee,True,2025-11-13,308,3,3,preventive-maintenance,2.15.5 calendrier des gardiens
742895474,Maroantsetra,Canzee,True,2025-12-23,268,5,5,repair-after-breakdown,1.3.1.3 photo du calendrier
742895481,Maroantsetra,Canzee,True,2025-11-15,306,3,3,preventive-maintenance,2.15.5 calendrier des gardiens
742895498,Maroantsetra,Canzee,True,2026-08-20,28,5,5,repair-after-breakdown,1.3.1.3 photo du calendrier
742895508,Maroantsetra,Canzee,True,2026-08-20,28,4,4,repair-after-breakdown,1.3.1.3 photo du calendrier
742895515,Maroantsetra,Canzee,True,2025-11-14,307,3,3,preventive-maintenance,2.15.5 calendrier des gardiens
742895522,Maroantsetra,Canzee,True,2025-11-07,314,2,2,preventive-maintenance,2.15.5 calendrier des gardiens
742895539,Maroantsetra,Canzee,True,2025-11-13,308,3,3,preventive-maintenance,2.15.5 calendrier des gardiens
742895546,Maroantsetra,Canzee,True,2025-11-08,313,3,3,preventive-maintenance,2.15.5 calendrier des gardiens
742895553,Maroantsetra,Canzee,True,2025-11-13,308,3,3,preventive-maintenance,2.15.5 calendrier des gardiens
742895560,Maroantsetra,Canzee,True,2025-11-13,308,3,3,preventive-maintenance,2.15.5 calendrier des gardiens
742895577,Maroantsetra,Canzee,True,2026-05-20,120,6,6,preventive-maintenance,2.15.5 calendrier des gardiens
742895584,Maroantsetra,Canzee,True,2025-11-14,307,3,3,preventive-maintenance,2.15.5 calendrier des gardiens
742895591,Maroantsetra,Canzee,True,2026-05-20,120,6,6,preventive-maintenance,2.15.5 calendrier des gardiens
742895601,Maroantsetra,Canzee,True,2025-11-13,308,3,3,preventive-maintenance,2.15.5 calendrier des gardiens
742895618,Maroantsetra,Canzee,True,2025-11-08,313,3,3,preventive-maintenance,2.15.5 calendrier des gardiens
742895625,Maroantsetra,Canzee,True,2026-03-27,174,7,7,preventive-maintenance,2.15.5 calendrier des gardiens
742895632,Maroantsetra,Canzee,True,2025-11-08,313,2,2,preventive-maintenance,2.15.5 calendrier des gardiens
742895649,Maroantsetra,Canzee,True,2025-11-12,309,3,3,preventive-maintenance,2.15.5 calendrier des gardiens
742895656,Maroantsetra,Canzee,True,2026-01-24,236,5,5,repair-after-breakdown,1.3.1.3 photo du calendrier
742895663,Maroantsetra,Canzee,True,2025-11-07,314,3,3,preventive-maintenance,2.15.5 calendrier des gardiens
742895670,Fort-Dauphin,Canzee,True,2025-12-15,276,4,4,preventive-maintenance,2.15.5 calendrier des gardiens
742895687,Fort-Dauphin,Canzee,True,2025-12-15,276,5,5,preventive-maintenance,2.15.5 calendrier des gardiens
742895704,Fort-Dauphin,IndiaMark,True,2025-12-12,279,4,4,preventive-maintenance,2.15.5 calendrier des gardiens
742895711,Fort-Dauphin,Canzee,False,,,0,0,,
742895728,Fort-Dauphin,Canzee,True,2026-03-16,185,7,7,preventive-maintenance,2.15.5 calendrier des gardiens
742895735,Maroantsetra,Canzee,True,2025-11-07,314,3,3,preventive-maintenance,2.15.5 calendrier des gardiens
742895742,Fort-Dauphin,Canzee,True,2026-09-08,9,9,9,repair-after-breakdown,1.3.1.3 photo du calendrier
742895759,Fort-Dauphin,Canzee,True,2026-05-13,127,6,6,repair-after-breakdown,1.3.1.3 photo du calendrier
742895766,Maroantsetra,Canzee,True,2025-11-07,314,3,3,preventive-maintenance,2.15.5 calendrier des gardiens
742895780,Maroantsetra,Canzee,True,2026-01-07,253,4,4,repair-after-breakdown,1.3.1.3 photo du calendrier
742895797,Maroantsetra,Canzee,True,2026-03-27,174,6,6,preventive-maintenance,2.15.5 calendrier des gardiens
742895814,Fort-Dauphin,Canzee,True,2026-05-13,127,6,6,repair-after-breakdown,1.3.1.3 photo du calendrier
742895821,Fort-Dauphin,Canzee,True,2026-05-15,125,4,4,preventive-maintenance,2.15.5 calendrier des gardiens
742895838,Maroantsetra,Canzee,True,2026-07-07,72,8,8,preventive-maintenance,2.15.5 calendrier des gardiens
742895845,Maroantsetra,Canzee,True,2025-11-03,318,3,3,preventive-maintenance,2.15.5 calendrier des gardiens
742895852,Maroantsetra,Canzee,True,2025-11-01,320,3,3,preventive-maintenance,2.15.5 calendrier des gardiens
742895869,Maroantsetra,Canzee,True,2026-01-28,232,5,5,repair-after-breakdown,1.3.1.3 photo du calendrier
742895876,Maroantsetra,Canzee,True,2026-09-02,15,7,7,repair-after-breakdown,1.3.1.3 photo du calendrier
742895883,Maroantsetra,Canzee,True,2026-02-09,220,7,7,preventive-maintenance,2.15.5 calendrier des gardiens
742895890,Maroantsetra,Canzee,True,2025-11-20,301,3,3,preventive-maintenance,2.15.5 calendrier des gardiens
742895900,Maroantsetra,Canzee,True,2026-09-11,6,6,6,repair-after-breakdown,1.3.1.3 photo du calendrier
742895917,Maroantsetra,Canzee,True,2025-11-20,301,3,3,preventive-maintenance,2.15.5 calendrier des gardiens
742895924,Maroantsetra,Canzee,True,2025-11-28,293,2,2,preventive-maintenance,2.15.5 calendrier des gardiens
742895931,Maroantsetra,Canzee,True,2025-11-28,293,3,3,preventive-maintenance,2.15.5 calendrier des gardiens
742895948,Maroantsetra,Canzee,True,2026-09-11,6,6,6,preventive-maintenance,2.15.5 calendrier des gardiens
742895955,Maroantsetra,Canzee,True,2025-11-26,295,3,3,preventive-maintenance,2.15.5 calendrier des gardiens
742895962,Maroantsetra,Canzee,True,2026-01-22,238,5,5,repair-after-breakdown,1.3.1.3 photo du calendrier
742895979,Maroantsetra,Canzee,True,2025-11-20,301,3,3,preventive-maintenance,2.15.5 calendrier des gardiens
742895986,Maroantsetra,Canzee,True,2026-09-03,14,7,7,repair-after-breakdown,1.3.1.3 photo du calendrier
742895993,Maroantsetra,Canzee,True,2026-09-03,14,3,3,repair-after-breakdown,1.3.1.3 photo du calendrier
742896004,Maroantsetra,Canzee,True,2026-05-21,119,5,5,preventive-maintenance,2.15.5 calendrier des gardiens
742896011,Maroantsetra,Canzee,True,2026-05-21,119,6,6,preventive-maintenance,2.15.5 calendrier des gardiens
742896028,Maroantsetra,Canzee,True,2025-11-28,293,3,3,preventive-maintenance,2.15.5 calendrier des gardiens
742896035,Maroantsetra,Canzee,True,2025-11-28,293,3,3,preventive-maintenance,2.15.5 calendrier des gardiens
742896042,Maroantsetra,Canzee,True,2025-11-28,293,3,3,preventive-maintenance,2.15.5 calendrier des gardiens
742896059,Maroantsetra,Canzee,True,2025-11-28,293,3,3,preventive-maintenance,2.15.5 calendrier des gardiens
742896066,Maroantsetra,Canzee,True,2025-12-01,290,3,3,preventive-maintenance,2.15.5 calendrier des gardiens
742896073,Maroantsetra,Canzee,True,2025-12-01,290,3,3,preventive-maintenance,2.15.5 calendrier des gardiens
742896080,Maroantsetra,Canzee,True,2025-12-01,290,3,3,preventive-maintenance,2.15.5 calendrier des gardiens
742896097,Maroantsetra,Canzee,True,2025-11-29,292,3,3,preventive-maintenance,2.15.5 calendrier des gardiens
742896107,Maroantsetra,Canzee,True,2025-11-29,292,2,2,preventive-maintenance,2.15.5 calendrier des gardiens
742896114,Maroantsetra,Canzee,True,2025-12-01,290,2,2,preventive-maintenance,2.15.5 calendrier des gardiens
742896121,Maroantsetra,Canzee,True,2025-11-20,301,3,3,preventive-maintenance,2.15.5 calendrier des gardiens
742896138,Maroantsetra,Canzee,True,2025-11-20,301,3,3,preventive-maintenance,2.15.5 calendrier des gardiens
742896145,Maroantsetra,Canzee,True,2025-11-26,295,3,3,preventive-maintenance,2.15.5 calendrier des gardiens
742896152,Maroantsetra,Canzee,True,2025-11-19,302,3,3,preventive-maintenance,2.15.5 calendrier des gardiens
742896169,Maroantsetra,Canzee,True,2025-11-19,302,3,3,preventive-maintenance,2.15.5 calendrier des gardiens
742896176,Maroantsetra,Canzee,True,2025-11-25,296,3,3,preventive-maintenance,2.15.5 calendrier des gardiens
742896183,Maroantsetra,Canzee,True,2025-11-26,295,3,3,preventive-maintenance,2.15.5 calendrier des gardiens
742896190,Maroantsetra,Canzee,True,2025-11-26,295,2,2,preventive-maintenance,2.15.5 calendrier des gardiens
742896200,Maroantsetra,Canzee,True,2025-11-20,301,3,3,preventive-maintenance,2.15.5 calendrier des gardiens
742896217,Maroantsetra,Canzee,True,2025-11-28,293,3,3,preventive-maintenance,2.15.5 calendrier des gardiens
742896224,Maroantsetra,Canzee,True,2025-10-11,341,3,3,preventive-maintenance,2.15.5 calendrier des gardiens
742896231,Maroantsetra,Canzee,True,2025-10-09,343,3,3,preventive-maintenance,2.15.5 calendrier des gardiens
742896255,Maroantsetra,Canzee,True,2025-10-10,342,3,3,preventive-maintenance,2.15.5 calendrier des gardiens
742896262,Maroantsetra,Canzee,True,2025-10-09,343,3,3,preventive-maintenance,2.15.5 calendrier des gardiens
742896279,Maroantsetra,Canzee,True,2025-10-10,342,3,3,preventive-maintenance,2.15.5 calendrier des gardiens
742896286,Maroantsetra,Canzee,True,2026-03-09,192,6,6,preventive-maintenance,2.15.5 calendrier des gardiens
742896293,Maroantsetra,Canzee,True,2025-11-24,297,3,3,preventive-maintenance,2.15.5 calendrier des gardiens
742896303,Maroantsetra,Canzee,True,2025-10-11,341,3,3,preventive-maintenance,2.15.5 calendrier des gardiens
742896310,Maroantsetra,Canzee,True,2025-10-08,344,3,3,preventive-maintenance,2.15.5 calendrier des gardiens
742896327,Maroantsetra,Canzee,True,2025-10-10,342,3,3,preventive-maintenance,2.15.5 calendrier des gardiens
742896334,Maroantsetra,Canzee,True,2025-10-09,343,3,3,preventive-maintenance,2.15.5 calendrier des gardiens
742896341,Maroantsetra,Canzee,True,2025-10-08,344,3,3,preventive-maintenance,2.15.5 calendrier des gardiens
742896365,Maroantsetra,Canzee,True,2025-10-10,342,3,3,preventive-maintenance,2.15.5 calendrier des gardiens
742896372,Maroantsetra,Canzee,True,2025-10-08,344,3,3,preventive-maintenance,2.15.5 calendrier des gardiens
742896389,Maroantsetra,Canzee,True,2025-10-10,342,3,3,preventive-maintenance,2.15.5 calendrier des gardiens
742896396,Maroantsetra,Canzee,True,2025-10-10,342,2,2,preventive-maintenance,2.15.5 calendrier des gardiens
742896406,Maroantsetra,Canzee,True,2025-10-08,344,3,3,preventive-maintenance,2.15.5 calendrier des gardiens
742896413,Maroantsetra,Canzee,True,2026-05-19,121,5,5,repair-after-breakdown,1.3.1.3 photo du calendrier
742896420,Maroantsetra,Canzee,True,2025-10-10,342,3,3,preventive-maintenance,2.15.5 calendrier des gardiens
742896437,Maroantsetra,Canzee,True,2026-05-08,132,4,4,preventive-maintenance,2.15.5 calendrier des gardiens
742896444,Maroantsetra,Canzee,True,2025-10-11,341,3,3,preventive-maintenance,2.15.5 calendrier des gardiens
742896451,Maroantsetra,Canzee,True,2025-10-10,342,2,2,preventive-maintenance,2.15.5 calendrier des gardiens
742896468,Maroantsetra,Canzee,True,2025-10-10,342,3,3,preventive-maintenance,2.15.5 calendrier des gardiens
742896475,Maroantsetra,Canzee,True,2025-10-11,341,2,2,preventive-maintenance,2.15.5 calendrier des gardiens
742896482,Maroantsetra,Canzee,True,2025-10-10,342,3,3,preventive-maintenance,2.15.5 calendrier des gardiens
742896499,Maroantsetra,Canzee,True,2025-10-14,338,3,3,preventive-maintenance,2.15.5 calendrier des gardiens
742896509,Maroantsetra,Canzee,True,2025-11-24,297,3,3,preventive-maintenance,2.15.5 calendrier des gardiens
742896516,Maroantsetra,Canzee,True,2025-10-23,329,3,3,preventive-maintenance,2.15.5 calendrier des gardiens
742896523,Maroantsetra,Canzee,True,2026-02-13,216,7,7,preventive-maintenance,2.15.5 calendrier des gardiens
742896530,Maroantsetra,Canzee,True,2025-10-18,334,3,3,preventive-maintenance,2.15.5 calendrier des gardiens
742896547,Maroantsetra,Canzee,True,2026-07-21,58,9,9,repair-after-breakdown,1.3.1.3 photo du calendrier
742896554,Maroantsetra,Canzee,True,2025-10-23,329,3,3,preventive-maintenance,2.15.5 calendrier des gardiens
742896561,Maroantsetra,Canzee,True,2025-10-15,337,3,3,preventive-maintenance,2.15.5 calendrier des gardiens
742896578,Maroantsetra,Canzee,True,2026-02-24,205,4,4,preventive-maintenance,2.15.5 calendrier des gardiens
742896585,Maroantsetra,Canzee,True,2025-10-17,335,3,3,preventive-maintenance,2.15.5 calendrier des gardiens
742896592,Maroantsetra,Canzee,True,2026-08-18,30,6,6,preventive-maintenance,2.15.5 calendrier des gardiens
742896602,Maroantsetra,Canzee,True,2025-10-18,334,3,3,preventive-maintenance,2.15.5 calendrier des gardiens
742896619,Maroantsetra,Canzee,True,2026-05-19,121,6,6,preventive-maintenance,2.15.5 calendrier des gardiens
742896626,Maroantsetra,Canzee,True,2025-10-14,338,3,3,preventive-maintenance,2.15.5 calendrier des gardiens
742896633,Maroantsetra,Canzee,True,2026-08-18,30,5,5,preventive-maintenance,2.15.5 calendrier des gardiens
742896640,Maroantsetra,Canzee,True,2026-02-14,215,7,7,preventive-maintenance,2.15.5 calendrier des gardiens
742896657,Fort-Dauphin,Canzee,True,2026-03-16,185,2,2,preventive-maintenance,2.15.5 calendrier des gardiens
742896664,Maroantsetra,Canzee,True,2025-10-14,338,3,3,preventive-maintenance,2.15.5 calendrier des gardiens
742896671,Maroantsetra,Canzee,True,2025-10-17,335,3,3,preventive-maintenance,2.15.5 calendrier des gardiens
742896688,Maroantsetra,Canzee,True,2026-01-30,230,6,6,repair-after-breakdown,1.3.1.3 photo du calendrier
742896695,Maroantsetra,Canzee,True,2025-10-16,336,3,3,preventive-maintenance,2.15.5 calendrier des gardiens
742896705,Maroantsetra,Canzee,True,2025-10-22,330,2,2,preventive-maintenance,2.15.5 calendrier des gardiens
742896712,Maroantsetra,Canzee,True,2025-10-22,330,3,3,preventive-maintenance,2.15.5 calendrier des gardiens
742896729,Maroantsetra,Canzee,True,2025-10-21,331,3,3,preventive-maintenance,2.15.5 calendrier des gardiens
742896736,Maroantsetra,Canzee,True,2025-10-24,328,3,3,preventive-maintenance,2.15.5 calendrier des gardiens
742896743,Maroantsetra,Canzee,True,2025-10-23,329,2,2,preventive-maintenance,2.15.5 calendrier des gardiens
742896750,Maroantsetra,Canzee,True,2025-10-23,329,3,3,preventive-maintenance,2.15.5 calendrier des gardiens
742896767,Maroantsetra,Canzee,True,2025-10-24,328,3,3,preventive-maintenance,2.15.5 calendrier des gardiens
742896774,Maroantsetra,Canzee,True,2025-10-25,327,3,3,preventive-maintenance,2.15.5 calendrier des gardiens
742896781,Maroantsetra,Canzee,True,2025-10-25,327,2,2,preventive-maintenance,2.15.5 calendrier des gardiens
742896798,Maroantsetra,Canzee,True,2025-12-03,288,5,5,repair-after-breakdown,1.3.1.3 photo du calendrier
742896808,Maroantsetra,Canzee,True,2025-10-28,324,2,2,preventive-maintenance,2.15.5 calendrier des gardiens
742896815,Maroantsetra,Canzee,True,2025-10-28,324,3,3,preventive-maintenance,2.15.5 calendrier des gardiens
742896822,Maroantsetra,Canzee,True,2025-10-28,324,2,2,preventive-maintenance,2.15.5 calendrier des gardiens
742896839,Maroantsetra,Canzee,True,2025-10-25,327,3,3,preventive-maintenance,2.15.5 calendrier des gardiens
742896846,Maroantsetra,Canzee,True,2025-10-25,327,3,3,preventive-maintenance,2.15.5 calendrier des gardiens
742896853,Maroantsetra,Canzee,True,2025-10-29,323,3,3,preventive-maintenance,2.15.5 calendrier des gardiens
742896860,Maroantsetra,Canzee,True,2025-10-28,324,2,2,preventive-maintenance,2.15.5 calendrier des gardiens
742896877,Maroantsetra,Canzee,False,,,0,0,,
742896884,Maroantsetra,Canzee,True,2026-01-22,238,6,6,repair-after-breakdown,1.3.1.3 photo du calendrier
742896891,Maroantsetra,Canzee,True,2026-02-10,219,6,6,preventive-maintenance,2.15.5 calendrier des gardiens
742896901,Maroantsetra,Canzee,True,2025-09-03,379,1,0,preventive-maintenance,2.15.5 calendrier des gardiens
742896918,Maroantsetra,Canzee,True,2025-10-30,322,2,2,preventive-maintenance,2.15.5 calendrier des gardiens
742896925,Maroantsetra,Canzee,True,2025-10-30,322,2,2,preventive-maintenance,2.15.5 calendrier des gardiens
742896949,Maroantsetra,Canzee,True,2025-10-31,321,2,2,preventive-maintenance,2.15.5 calendrier des gardiens
742896956,Maroantsetra,Canzee,True,2025-10-31,321,3,3,preventive-maintenance,2.15.5 calendrier des gardiens
742896963,Maroantsetra,Canzee,True,2025-10-31,321,3,3,preventive-maintenance,2.15.5 calendrier des gardiens
742896987,Maroantsetra,Canzee,True,2025-10-30,322,3,3,preventive-maintenance,2.15.5 calendrier des gardiens
742897029,Maroantsetra,Canzee,True,2025-10-29,323,2,2,preventive-maintenance,2.15.5 calendrier des gardiens
742897036,Maroantsetra,Canzee,True,2025-10-29,323,3,3,preventive-maintenance,2.15.5 calendrier des gardiens
742897043,Maroantsetra,Canzee,True,2025-10-29,323,2,2,preventive-maintenance,2.15.5 calendrier des gardiens
742897050,Maroantsetra,Canzee,True,2025-10-29,323,2,2,preventive-maintenance,2.15.5 calendrier des gardiens
742897067,Maroantsetra,Canzee,True,2025-10-29,323,3,3,preventive-maintenance,2.15.5 calendrier des gardiens
742897074,Maroantsetra,Canzee,True,2025-10-03,349,3,3,preventive-maintenance,2.15.5 calendrier des gardiens
742897081,Maroantsetra,Canzee,True,2026-01-15,245,5,5,repair-after-breakdown,1.3.1.3 photo du calendrier
742897098,Maroantsetra,Canzee,True,2025-10-03,349,3,3,preventive-maintenance,2.15.5 calendrier des gardiens
742897108,Maroantsetra,Canzee,True,2025-10-02,350,2,2,preventive-maintenance,2.15.5 calendrier des gardiens
742897115,Maroantsetra,Canzee,True,2025-10-02,350,3,3,preventive-maintenance,2.15.5 calendrier des gardiens
742897122,Maroantsetra,Canzee,True,2025-10-03,349,3,3,preventive-maintenance,2.15.5 calendrier des gardiens
742897146,Maroantsetra,Canzee,True,2025-09-26,356,2,2,preventive-maintenance,2.15.5 calendrier des gardiens
742897153,Maroantsetra,Canzee,True,2026-06-25,84,4,4,repair-after-breakdown,1.3.1.3 photo du calendrier
742897160,Maroantsetra,Canzee,True,2025-09-26,356,2,2,preventive-maintenance,2.15.5 calendrier des gardiens
742897177,Maroantsetra,Canzee,True,2025-09-25,357,2,2,preventive-maintenance,2.15.5 calendrier des gardiens
742897184,Maroantsetra,Canzee,True,2025-09-27,355,3,3,preventive-maintenance,2.15.5 calendrier des gardiens
742897191,Maroantsetra,Canzee,True,2025-10-02,350,3,3,preventive-maintenance,2.15.5 calendrier des gardiens
742897201,Maroantsetra,Canzee,True,2025-10-02,350,2,2,preventive-maintenance,2.15.5 calendrier des gardiens
742897218,Maroantsetra,Canzee,True,2026-01-15,245,5,5,repair-after-breakdown,1.3.1.3 photo du calendrier
742897225,Maroantsetra,Canzee,True,2025-09-27,355,2,2,preventive-maintenance,2.15.5 calendrier des gardiens
742897232,Maroantsetra,Canzee,True,2025-10-02,350,3,3,preventive-maintenance,2.15.5 calendrier des gardiens
742897249,Maroantsetra,Canzee,True,2026-03-03,198,5,5,repair-after-breakdown,1.3.1.3 photo du calendrier
742897256,Maroantsetra,Canzee,True,2025-10-02,350,2,2,preventive-maintenance,2.15.5 calendrier des gardiens
742897263,Maroantsetra,Canzee,True,2026-03-02,199,5,5,repair-after-breakdown,1.3.1.3 photo du calendrier
742897270,Maroantsetra,Canzee,True,2026-06-20,89,5,5,preventive-maintenance,2.15.5 calendrier des gardiens
742897287,Maroantsetra,Canzee,True,2025-10-01,351,3,3,preventive-maintenance,2.15.5 calendrier des gardiens
742897294,Maroantsetra,Canzee,True,2025-10-02,350,3,3,preventive-maintenance,2.15.5 calendrier des gardiens
742897304,Maroantsetra,Canzee,True,2025-10-12,340,2,2,preventive-maintenance,2.15.5 calendrier des gardiens
742897311,Maroantsetra,Canzee,True,2025-10-03,349,2,2,preventive-maintenance,2.15.5 calendrier des gardiens
742897328,Maroantsetra,Canzee,True,2025-10-02,350,3,3,preventive-maintenance,2.15.5 calendrier des gardiens
742897335,Maroantsetra,Canzee,True,2026-01-09,251,4,4,repair-after-breakdown,1.3.1.3 photo du calendrier
742897342,Maroantsetra,Canzee,True,2025-09-27,355,2,2,preventive-maintenance,2.15.5 calendrier des gardiens
742897359,Maroantsetra,Canzee,True,2026-03-11,190,5,3,repair-after-breakdown,1.3.1.3 photo du calendrier
742897366,Maroantsetra,Canzee,True,2026-02-08,221,4,4,preventive-maintenance,2.15.5 calendrier des gardiens
742897373,Maroantsetra,Canzee,True,2026-03-26,175,3,3,preventive-maintenance,2.15.5 calendrier des gardiens
742897380,Maroantsetra,Canzee,True,2025-09-09,373,2,0,preventive-maintenance,2.15.5 calendrier des gardiens
742897397,Maroantsetra,Canzee,True,2026-01-11,249,3,3,repair-after-breakdown,1.3.1.3 photo du calendrier
742897407,Maroantsetra,Canzee,True,2025-09-20,362,4,4,preventive-maintenance,2.15.5 calendrier des gardiens
742897414,Maroantsetra,Canzee,True,2025-12-06,285,4,4,preventive-maintenance,2.15.5 calendrier des gardiens
742897421,Maroantsetra,Canzee,True,2025-09-21,361,3,3,preventive-maintenance,2.15.5 calendrier des gardiens
742897438,Maroantsetra,Canzee,True,2025-09-21,361,3,3,preventive-maintenance,2.15.5 calendrier des gardiens
742897445,Maroantsetra,Canzee,True,2025-09-10,372,2,0,preventive-maintenance,2.15.5 calendrier des gardiens
742897452,Maroantsetra,Canzee,True,2025-12-06,285,4,4,preventive-maintenance,2.15.5 calendrier des gardiens
742897469,Maroantsetra,Canzee,True,2025-09-10,372,2,0,preventive-maintenance,2.15.5 calendrier des gardiens
742897476,Maroantsetra,Canzee,True,2025-09-10,372,4,0,preventive-maintenance,2.15.5 calendrier des gardiens
742897483,Maroantsetra,Canzee,True,2025-09-09,373,2,0,preventive-maintenance,2.15.5 calendrier des gardiens
742897490,Maroantsetra,Canzee,True,2025-09-28,354,4,4,preventive-maintenance,2.15.5 calendrier des gardiens
742897500,Maroantsetra,Canzee,True,2025-09-10,372,3,0,preventive-maintenance,2.15.5 calendrier des gardiens
742897517,Maroantsetra,Canzee,True,2025-09-19,363,4,4,preventive-maintenance,2.15.5 calendrier des gardiens
742897524,Maroantsetra,Canzee,True,2025-09-28,354,4,4,preventive-maintenance,2.15.5 calendrier des gardiens
742897531,Maroantsetra,Canzee,True,2025-09-11,371,2,0,preventive-maintenance,2.15.5 calendrier des gardiens
742897548,Maroantsetra,Canzee,True,2025-09-25,357,2,2,preventive-maintenance,2.15.5 calendrier des gardiens
742897555,Maroantsetra,Canzee,True,2025-09-18,364,3,3,preventive-maintenance,2.15.5 calendrier des gardiens
742897562,Maroantsetra,Canzee,True,2025-09-12,370,1,0,preventive-maintenance,2.15.5 calendrier des gardiens
742897579,Maroantsetra,Canzee,True,2026-06-11,98,4,4,repair-after-breakdown,1.3.1.3 photo du calendrier
742897586,Maroantsetra,Canzee,True,2025-09-29,353,2,2,preventive-maintenance,2.15.5 calendrier des gardiens
742897593,Maroantsetra,Canzee,True,2025-09-11,371,3,0,preventive-maintenance,2.15.5 calendrier des gardiens
742897603,Maroantsetra,Canzee,True,2025-09-18,364,2,2,preventive-maintenance,2.15.5 calendrier des gardiens
742897610,Maroantsetra,Canzee,True,2025-09-11,371,2,0,preventive-maintenance,2.15.5 calendrier des gardiens
742897627,Maroantsetra,Canzee,True,2026-03-17,184,7,7,preventive-maintenance,2.15.5 calendrier des gardiens
742897634,Maroantsetra,Canzee,True,2025-09-12,370,2,0,preventive-maintenance,2.15.5 calendrier des gardiens
742897641,Maroantsetra,Canzee,True,2026-07-07,72,6,6,preventive-maintenance,2.15.5 calendrier des gardiens
742897658,Maroantsetra,Canzee,True,2026-03-25,176,3,3,preventive-maintenance,2.15.5 calendrier des gardiens
742897665,Maroantsetra,Canzee,True,2025-10-05,347,3,3,preventive-maintenance,2.15.5 calendrier des gardiens
742897672,Maroantsetra,Canzee,True,2026-09-10,7,5,5,preventive-maintenance,2.15.5 calendrier des gardiens
742897689,Maroantsetra,Canzee,True,2025-09-19,363,3,3,preventive-maintenance,2.15.5 calendrier des gardiens
742897696,Maroantsetra,Canzee,True,2025-09-19,363,3,3,preventive-maintenance,2.15.5 calendrier des gardiens
742897706,Maroantsetra,Canzee,True,2026-03-26,175,3,3,preventive-maintenance,2.15.5 calendrier des gardiens
742897713,Maroantsetra,Canzee,True,2026-06-11,98,4,4,repair-after-breakdown,1.3.1.3 photo du calendrier
742897720,Maroantsetra,Canzee,True,2026-09-10,7,7,7,repair-after-breakdown,1.3.1.3 photo du calendrier
742897737,Maroantsetra,Canzee,True,2026-06-11,98,6,6,repair-after-breakdown,1.3.1.3 photo du calendrier
742897744,Maroantsetra,Canzee,True,2026-09-10,7,4,4,repair-after-breakdown,1.3.1.3 photo du calendrier
742897751,Maroantsetra,Canzee,True,2025-09-20,362,3,3,preventive-maintenance,2.15.5 calendrier des gardiens
742897768,Maroantsetra,Canzee,True,2025-11-24,297,3,3,preventive-maintenance,2.15.5 calendrier des gardiens
742897775,Maroantsetra,Canzee,True,2025-10-12,340,3,3,preventive-maintenance,2.15.5 calendrier des gardiens
742897782,Maroantsetra,Canzee,True,2026-03-26,175,2,2,preventive-maintenance,2.15.5 calendrier des gardiens
742897799,Maroantsetra,Canzee,False,,,0,0,,
742897809,Maroantsetra,Canzee,True,2026-04-23,147,3,3,preventive-maintenance,2.15.5 calendrier des gardiens
742897816,Maroantsetra,Canzee,True,2025-09-20,362,3,3,preventive-maintenance,2.15.5 calendrier des gardiens
742897823,Maroantsetra,Canzee,True,2026-03-25,176,6,6,preventive-maintenance,2.15.5 calendrier des gardiens
742897830,Maroantsetra,Canzee,True,2025-09-24,358,3,3,preventive-maintenance,2.15.5 calendrier des gardiens
742897847,Maroantsetra,Canzee,True,2025-09-25,357,3,3,preventive-maintenance,2.15.5 calendrier des gardiens
742897854,Maroantsetra,Canzee,True,2026-02-11,218,6,6,repair-after-breakdown,1.3.1.3 photo du calendrier
742897861,Maroantsetra,Canzee,True,2025-09-22,360,3,3,preventive-maintenance,2.15.5 calendrier des gardiens
742897878,Maroantsetra,Canzee,True,2026-06-20,89,6,6,repair-after-breakdown,1.3.1.3 photo du calendrier
742897885,Maroantsetra,Canzee,True,2026-07-14,65,8,8,repair-after-breakdown,1.3.1.3 photo du calendrier
742897892,Maroantsetra,Canzee,True,2025-09-24,358,3,3,preventive-maintenance,2.15.5 calendrier des gardiens
742897902,Maroantsetra,Canzee,True,2025-09-25,357,2,2,preventive-maintenance,2.15.5 calendrier des gardiens
742897919,Maroantsetra,Canzee,True,2026-04-21,149,2,2,preventive-maintenance,2.15.5 calendrier des gardiens
742897926,Maroantsetra,Canzee,True,2026-08-26,22,3,3,preventive-maintenance,2.15.5 calendrier des gardiens
742897933,Maroantsetra,Canzee,True,2026-06-09,100,7,7,preventive-maintenance,2.15.5 calendrier des gardiens
742897957,Maroantsetra,Canzee,True,2026-05-20,120,5,5,repair-after-breakdown,1.3.1.3 photo du calendrier
742897964,Maroantsetra,Canzee,True,2025-09-26,356,2,2,preventive-maintenance,2.15.5 calendrier des gardiens
742897971,Maroantsetra,Canzee,True,2026-06-09,100,6,6,preventive-maintenance,2.15.5 calendrier des gardiens
742897988,Maroantsetra,Canzee,True,2026-03-24,177,5,5,preventive-maintenance,2.15.5 calendrier des gardiens
742897995,Maroantsetra,Canzee,True,2026-03-24,177,7,7,preventive-maintenance,2.15.5 calendrier des gardiens
742898006,Maroantsetra,Canzee,False,,,0,0,,
742898013,Maroantsetra,Canzee,True,2026-03-25,176,3,3,preventive-maintenance,2.15.5 calendrier des gardiens
742898020,Maroantsetra,Canzee,True,2026-03-27,174,5,5,preventive-maintenance,2.15.5 calendrier des gardiens
742898037,Maroantsetra,Canzee,True,2026-04-21,149,3,3,preventive-maintenance,2.15.5 calendrier des gardiens
742898044,Maroantsetra,Canzee,True,2026-03-27,174,5,5,preventive-maintenance,2.15.5 calendrier des gardiens
742898051,Maroantsetra,Canzee,True,2026-03-27,174,3,3,preventive-maintenance,2.15.5 calendrier des gardiens
742898068,Maroantsetra,Canzee,True,2026-03-27,174,3,3,preventive-maintenance,2.15.5 calendrier des gardiens
742898075,Maroantsetra,Canzee,True,2026-03-27,174,3,3,preventive-maintenance,2.15.5 calendrier des gardiens
742898082,Maroantsetra,Canzee,True,2026-05-21,119,4,4,repair-after-breakdown,1.3.1.3 photo du calendrier
742898099,Maroantsetra,Canzee,True,2026-03-27,174,3,3,preventive-maintenance,2.15.5 calendrier des gardiens
742898109,Maroantsetra,Canzee,True,2026-03-27,174,3,3,preventive-maintenance,2.15.5 calendrier des gardiens
742972377,Maroantsetra,Canzee,True,2026-03-11,190,3,3,preventive-maintenance,2.15.5 calendrier des gardiens
743091752,Maroantsetra,Canzee,True,2025-10-29,323,3,3,preventive-maintenance,2.15.5 calendrier des gardiens
743345808,Maroantsetra,Canzee,False,,,0,0,,
743644978,Maroantsetra,Canzee,False,,,0,0,,
744500936,Maroantsetra,Canzee,False,,,0,0,,
754036911,Maroantsetra,Canzee,True,2026-03-13,188,3,3,preventive-maintenance,2.15.5 calendrier des gardiens
754036928,Maroantsetra,Canzee,False,,,0,0,,
763107680,Maroantsetra,Canzee,False,,,0,0,,
763895314,Maroantsetra,Canzee,True,2026-06-12,97,3,3,preventive-maintenance,2.15.5 calendrier des gardiens
763895321,Maroantsetra,Canzee,True,2026-06-12,97,7,7,preventive-maintenance,2.15.5 calendrier des gardiens
764113653,Maroantsetra,Canzee,True,2026-03-13,188,3,3,preventive-maintenance,2.15.5 calendrier des gardiens
764166242,Maroantsetra,Canzee,True,2026-06-12,97,3,3,preventive-maintenance,2.15.5 calendrier des gardiens
765258739,Maroantsetra,Canzee,False,,,0,0,,
765258746,Maroantsetra,Canzee,False,,,0,0,,
765855507,Maroantsetra,Canzee,True,2026-07-28,51,3,3,preventive-maintenance,2.15.5 calendrier des gardiens
766720695,Maroantsetra,Canzee,False,,,0,0,,
767290205,Maroantsetra,Canzee,True,2026-07-25,54,3,3,preventive-maintenance,2.15.5 calendrier des gardiens
767290212,Maroantsetra,Canzee,True,2026-07-25,54,3,3,preventive-maintenance,2.15.5 calendrier des gardiens
768979123,Maroantsetra,Canzee,True,2026-07-30,49,3,3,preventive-maintenance,2.15.5 calendrier des gardiens
768991507,Maroantsetra,Canzee,True,2026-07-29,50,3,3,preventive-maintenance,2.15.5 calendrier des gardiens
769020855,Maroantsetra,Canzee,True,2026-07-30,49,3,3,preventive-maintenance,2.15.5 calendrier des gardiens
770197467,Maroantsetra,Canzee,True,2026-06-11,98,3,3,preventive-maintenance,2.15.5 calendrier des gardiens
771021680,Maroantsetra,Canzee,True,2026-07-22,57,3,3,preventive-maintenance,2.15.5 calendrier des gardiens
771580686,Maroantsetra,Canzee,True,2026-08-07,41,5,5,repair-after-breakdown,1.3.1.3 photo du calendrier
771580693,Maroantsetra,Canzee,True,2026-04-21,149,3,3,preventive-maintenance,2.15.5 calendrier des gardiens
771580703,Maroantsetra,Canzee,True,2026-03-19,182,3,3,preventive-maintenance,2.15.5 calendrier des gardiens
771580710,Maroantsetra,Canzee,True,2026-03-13,188,3,3,preventive-maintenance,2.15.5 calendrier des gardiens
771580727,Maroantsetra,Canzee,True,2026-03-17,184,8,8,preventive-maintenance,2.15.5 calendrier des gardiens
771580734,Maroantsetra,Canzee,True,2026-03-13,188,3,3,preventive-maintenance,2.15.5 calendrier des gardiens
771580741,Maroantsetra,Canzee,True,2026-03-17,184,3,3,preventive-maintenance,2.15.5 calendrier des gardiens
771703469,Maroantsetra,Canzee,True,2026-07-22,57,2,2,preventive-maintenance,2.15.5 calendrier des gardiens
771783434,Maroantsetra,Canzee,True,2026-03-19,182,5,5,preventive-maintenance,2.15.5 calendrier des gardiens
771799231,Maroantsetra,Canzee,True,2026-08-12,36,7,7,repair-after-breakdown,1.3.1.3 photo du calendrier
771799248,Maroantsetra,Canzee,True,2026-03-20,181,5,5,preventive-maintenance,2.15.5 calendrier des gardiens
771799255,Maroantsetra,Canzee,True,2026-08-12,36,6,6,preventive-maintenance,2.15.5 calendrier des gardiens
771799262,Maroantsetra,Canzee,True,2026-08-07,41,6,6,preventive-maintenance,2.15.5 calendrier des gardiens
771799279,Maroantsetra,Canzee,True,2026-05-20,120,8,8,repair-after-breakdown,1.3.1.3 photo du calendrier
771799286,Maroantsetra,Canzee,True,2026-09-11,6,3,3,repair-after-breakdown,1.3.1.3 photo du calendrier
771799293,Maroantsetra,Canzee,True,2026-08-19,29,3,3,preventive-maintenance,2.15.5 calendrier des gardiens
771799303,Maroantsetra,Canzee,True,2026-03-19,182,5,5,preventive-maintenance,2.15.5 calendrier des gardiens
771799310,Maroantsetra,Canzee,True,2025-09-27,355,3,3,preventive-maintenance,2.15.5 calendrier des gardiens
771820645,Maroantsetra,Canzee,True,2025-12-09,282,2,2,preventive-maintenance,2.15.5 calendrier des gardiens
771825925,Maroantsetra,Canzee,True,2025-12-10,281,3,3,preventive-maintenance,2.15.5 calendrier des gardiens
772300771,Maroantsetra,Canzee,True,2026-06-11,98,3,3,preventive-maintenance,2.15.5 calendrier des gardiens
772365307,Maroantsetra,Canzee,True,2026-07-24,55,5,5,preventive-maintenance,2.15.5 calendrier des gardiens
772383873,Maroantsetra,Canzee,True,2026-07-23,56,3,3,preventive-maintenance,2.15.5 calendrier des gardiens
772741428,Maroantsetra,Canzee,True,2026-06-11,98,3,3,preventive-maintenance,2.15.5 calendrier des gardiens
773024427,Maroantsetra,Canzee,True,2026-06-11,98,3,3,preventive-maintenance,2.15.5 calendrier des gardiens
773028603,Maroantsetra,Canzee,True,2026-06-10,99,3,3,preventive-maintenance,2.15.5 calendrier des gardiens
773042759,Maroantsetra,Canzee,True,2026-07-20,59,5,5,repair-after-breakdown,1.3.1.3 photo du calendrier
773044940,Maroantsetra,Canzee,True,2026-06-09,100,3,3,preventive-maintenance,2.15.5 calendrier des gardiens
773597170,Maroantsetra,Canzee,True,2026-06-11,98,3,3,preventive-maintenance,2.15.5 calendrier des gardiens
773614497,Maroantsetra,Canzee,True,2026-06-09,100,5,5,preventive-maintenance,2.15.5 calendrier des gardiens
774001555,Maroantsetra,Canzee,True,2026-07-20,59,6,6,preventive-maintenance,2.15.5 calendrier des gardiens
774009687,Maroantsetra,Canzee,True,2026-06-05,104,5,5,preventive-maintenance,2.15.5 calendrier des gardiens
775756210,Maroantsetra,Canzee,True,2026-07-20,59,3,3,preventive-maintenance,2.15.5 calendrier des gardiens
775759299,Maroantsetra,Canzee,True,2026-07-29,50,5,5,repair-after-breakdown,1.3.1.3 photo du calendrier
776596880,Maroantsetra,Canzee,True,2026-06-10,99,3,3,preventive-maintenance,2.15.5 calendrier des gardiens
776609443,Maroantsetra,Canzee,True,2026-06-10,99,3,3,preventive-maintenance,2.15.5 calendrier des gardiens
777126165,Maroantsetra,Canzee,True,2026-06-10,99,3,3,preventive-maintenance,2.15.5 calendrier des gardiens
778246888,Maroantsetra,Canzee,True,2026-07-20,59,3,3,preventive-maintenance,2.15.5 calendrier des gardiens
778694357,Maroantsetra,Canzee,True,2026-06-05,104,3,3,preventive-maintenance,2.15.5 calendrier des gardiens
778747750,Maroantsetra,Canzee,True,2026-07-20,59,3,3,preventive-maintenance,2.15.5 calendrier des gardiens
779461066,Maroantsetra,Canzee,True,2026-07-20,59,3,3,preventive-maintenance,2.15.5 calendrier des gardiens
779461073,Maroantsetra,Canzee,True,2026-07-19,60,3,3,preventive-maintenance,2.15.5 calendrier des gardiens
779506385,Maroantsetra,Canzee,True,2026-06-05,104,5,5,preventive-maintenance,2.15.5 calendrier des gardiens
780230042,Maroantsetra,Canzee,True,2026-07-04,75,3,3,preventive-maintenance,2.15.5 calendrier des gardiens
781059150,Maroantsetra,Canzee,True,2026-07-04,75,3,3,preventive-maintenance,2.15.5 calendrier des gardiens
781126427,Maroantsetra,Canzee,True,2026-07-03,76,3,3,preventive-maintenance,2.15.5 calendrier des gardiens
781940247,Maroantsetra,Canzee,True,2026-07-10,69,3,3,preventive-maintenance,2.15.5 calendrier des gardiens
782134533,Maroantsetra,Canzee,True,2026-03-12,189,3,3,preventive-maintenance,2.15.5 calendrier des gardiens
782134540,Maroantsetra,Canzee,False,,,0,0,,
783484655,Maroantsetra,Canzee,True,2026-07-09,70,3,3,preventive-maintenance,2.15.5 calendrier des gardiens
783761183,Maroantsetra,Canzee,True,2026-07-10,69,3,3,preventive-maintenance,2.15.5 calendrier des gardiens
784302954,Maroantsetra,Canzee,True,2026-07-09,70,3,3,preventive-maintenance,2.15.5 calendrier des gardiens
786865303,Maroantsetra,Canzee,True,2026-07-09,70,3,3,preventive-maintenance,2.15.5 calendrier des gardiens
786871997,Maroantsetra,Canzee,True,2026-06-03,106,3,3,preventive-maintenance,2.15.5 calendrier des gardiens
786872060,Maroantsetra,Canzee,True,2026-06-03,106,6,6,preventive-maintenance,2.15.5 calendrier des gardiens
786932780,Maroantsetra,Canzee,True,2026-07-03,76,5,5,preventive-maintenance,2.15.5 calendrier des gardiens
791122592,Maroantsetra,Canzee,True,2026-07-03,76,3,3,preventive-maintenance,2.15.5 calendrier des gardiens
791617832,Maroantsetra,Canzee,True,2026-05-30,110,3,3,preventive-maintenance,2.15.5 calendrier des gardiens
792022655,Maroantsetra,Canzee,True,2026-05-30,110,4,4,preventive-maintenance,2.15.5 calendrier des gardiens
792494830,Maroantsetra,Canzee,True,2026-05-30,110,3,3,preventive-maintenance,2.15.5 calendrier des gardiens
792699587,Maroantsetra,Canzee,True,2026-05-30,110,4,4,preventive-maintenance,2.15.5 calendrier des gardiens
794012203,Maroantsetra,Canzee,True,2026-05-30,110,5,5,preventive-maintenance,2.15.5 calendrier des gardiens
794012210,Maroantsetra,Canzee,True,2026-05-30,110,3,3,preventive-maintenance,2.15.5 calendrier des gardiens
794587460,Maroantsetra,Canzee,True,2026-07-21,58,8,8,repair-after-breakdown,1.3.1.3 photo du calendrier
795836457,Maroantsetra,Canzee,True,2026-05-28,112,5,5,preventive-maintenance,2.15.5 calendrier des gardiens
797195301,Maroantsetra,Canzee,True,2026-05-28,112,4,4,preventive-maintenance,2.15.5 calendrier des gardiens
797195318,Maroantsetra,Canzee,True,2026-05-29,111,2,2,preventive-maintenance,2.15.5 calendrier des gardiens
797885233,Maroantsetra,Canzee,True,2026-09-03,14,5,5,repair-after-breakdown,1.3.1.3 photo du calendrier
799521955,Maroantsetra,Canzee,True,2026-05-29,111,3,3,preventive-maintenance,2.15.5 calendrier des gardiens
800634100,Maroantsetra,Canzee,True,2026-06-03,106,3,3,preventive-maintenance,2.15.5 calendrier des gardiens
803229680,Maroantsetra,Canzee,True,2026-05-29,111,2,2,preventive-maintenance,2.15.5 calendrier des gardiens
805544226,Maroantsetra,Canzee,True,2026-05-29,111,7,7,preventive-maintenance,2.15.5 calendrier des gardiens
810377501,Maroantsetra,Canzee,True,2026-05-29,111,3,3,preventive-maintenance,2.15.5 calendrier des gardiens
810943803,Maroantsetra,Canzee,True,2026-05-29,111,5,5,preventive-maintenance,2.15.5 calendrier des gardiens
812862094,Maroantsetra,Canzee,True,2026-06-03,106,3,3,preventive-maintenance,2.15.5 calendrier des gardiens
813642325,Maroantsetra,Canzee,True,2026-06-18,91,3,3,preventive-maintenance,2.15.5 calendrier des gardiens
813933184,Maroantsetra,Canzee,True,2026-06-24,85,3,3,preventive-maintenance,2.15.5 calendrier des gardiens
814009107,Maroantsetra,Canzee,True,2026-06-24,85,2,2,preventive-maintenance,2.15.5 calendrier des gardiens
814478712,Maroantsetra,Canzee,True,2026-06-24,85,2,2,preventive-maintenance,2.15.5 calendrier des gardiens
814646306,Maroantsetra,Canzee,True,2025-10-30,322,3,3,preventive-maintenance,2.15.5 calendrier des gardiens
815132789,Maroantsetra,Canzee,True,2026-06-24,85,3,3,preventive-maintenance,2.15.5 calendrier des gardiens
815285539,Maroantsetra,Canzee,True,2025-11-05,316,3,3,preventive-maintenance,2.15.5 calendrier des gardiens
816234895,Maroantsetra,Canzee,True,2026-06-18,91,3,3,preventive-maintenance,2.15.5 calendrier des gardiens
817548803,Maroantsetra,Canzee,True,2026-06-16,93,3,3,preventive-maintenance,2.15.5 calendrier des gardiens
819378051,Maroantsetra,Canzee,True,2026-06-17,92,5,5,preventive-maintenance,2.15.5 calendrier des gardiens
820198370,Maroantsetra,Canzee,True,2026-06-16,93,3,3,preventive-maintenance,2.15.5 calendrier des gardiens
820780971,Maroantsetra,Canzee,True,2026-06-16,93,7,7,repair-after-breakdown,1.3.1.3 photo du calendrier
822906175,Maroantsetra,Canzee,True,2026-06-04,105,3,3,preventive-maintenance,2.15.5 calendrier des gardiens
823466032,Maroantsetra,Canzee,True,2026-06-04,105,2,2,preventive-maintenance,2.15.5 calendrier des gardiens
823946480,Maroantsetra,Canzee,True,2026-06-04,105,3,3,preventive-maintenance,2.15.5 calendrier des gardiens
824580917,Maroantsetra,Canzee,True,2026-06-04,105,3,3,preventive-maintenance,2.15.5 calendrier des gardiens
825367379,Maroantsetra,Canzee,True,2026-06-25,84,5,5,preventive-maintenance,2.15.5 calendrier des gardiens
825513589,Maroantsetra,Canzee,True,2026-06-03,106,4,4,preventive-maintenance,2.15.5 calendrier des gardiens
833032506,Maroantsetra,Canzee,False,,,0,0,,
833032513,Maroantsetra,Canzee,False,,,0,0,,
833032630,Maroantsetra,Canzee,True,2026-07-30,49,3,3,preventive-maintenance,2.15.5 calendrier des gardiens
833032647,Maroantsetra,Canzee,True,2026-06-11,98,6,6,preventive-maintenance,2.15.5 calendrier des gardiens
833032654,Maroantsetra,Canzee,True,2026-07-22,57,3,3,preventive-maintenance,2.15.5 calendrier des gardiens
833032661,Maroantsetra,Canzee,True,2026-06-11,98,3,3,preventive-maintenance,2.15.5 calendrier des gardiens
833032678,Maroantsetra,Canzee,True,2026-07-24,55,3,3,preventive-maintenance,2.15.5 calendrier des gardiens
833032692,Maroantsetra,Canzee,True,2026-07-23,56,3,3,preventive-maintenance,2.15.5 calendrier des gardiens
833032702,Maroantsetra,Canzee,True,2026-06-09,100,3,3,preventive-maintenance,2.15.5 calendrier des gardiens
833032764,Maroantsetra,Canzee,True,2026-06-06,103,4,4,preventive-maintenance,2.15.5 calendrier des gardiens
833032771,Maroantsetra,Canzee,True,2026-06-06,103,5,5,preventive-maintenance,2.15.5 calendrier des gardiens
833032812,Maroantsetra,Canzee,True,2026-07-19,60,3,3,preventive-maintenance,2.15.5 calendrier des gardiens
833032836,Maroantsetra,Canzee,True,2026-07-19,60,3,3,preventive-maintenance,2.15.5 calendrier des gardiens
833032867,Maroantsetra,Canzee,True,2026-06-05,104,3,3,preventive-maintenance,2.15.5 calendrier des gardiens
833032881,Maroantsetra,Canzee,True,2026-06-05,104,2,2,preventive-maintenance,2.15.5 calendrier des gardiens
833032939,Maroantsetra,Canzee,True,2026-07-19,60,2,2,preventive-maintenance,2.15.5 calendrier des gardiens
833032946,Maroantsetra,Canzee,True,2026-06-10,99,3,3,preventive-maintenance,2.15.5 calendrier des gardiens
833032953,Maroantsetra,Canzee,True,2026-06-10,99,3,3,preventive-maintenance,2.15.5 calendrier des gardiens
833032984,Maroantsetra,Canzee,True,2026-07-19,60,3,3,preventive-maintenance,2.15.5 calendrier des gardiens
833033002,Maroantsetra,Canzee,True,2026-07-19,60,3,3,preventive-maintenance,2.15.5 calendrier des gardiens
833033019,Maroantsetra,Canzee,True,2026-06-05,104,3,3,preventive-maintenance,2.15.5 calendrier des gardiens
833033033,Maroantsetra,Canzee,True,2026-06-05,104,4,4,preventive-maintenance,2.15.5 calendrier des gardiens
833033040,Maroantsetra,Canzee,True,2026-07-03,76,3,3,preventive-maintenance,2.15.5 calendrier des gardiens
833033057,Maroantsetra,Canzee,True,2026-07-08,71,2,2,preventive-maintenance,2.15.5 calendrier des gardiens
833033064,Maroantsetra,Canzee,True,2026-07-10,69,5,5,preventive-maintenance,2.15.5 calendrier des gardiens
833033095,Maroantsetra,Canzee,True,2026-07-09,70,3,3,preventive-maintenance,2.15.5 calendrier des gardiens
833033105,Maroantsetra,Canzee,True,2026-07-10,69,3,3,preventive-maintenance,2.15.5 calendrier des gardiens
833033181,Maroantsetra,Canzee,True,2026-05-29,111,2,2,preventive-maintenance,2.15.5 calendrier des gardiens
833033198,Maroantsetra,Canzee,False,,,0,0,,
833033208,Maroantsetra,Canzee,True,2026-05-29,111,3,3,preventive-maintenance,2.15.5 calendrier des gardiens
833033246,Maroantsetra,Canzee,True,2026-05-29,111,4,4,preventive-maintenance,2.15.5 calendrier des gardiens
833033253,Maroantsetra,Canzee,True,2026-06-03,106,2,2,preventive-maintenance,2.15.5 calendrier des gardiens
897922492,Maroantsetra,Canzee,True,2026-06-25,84,3,3,preventive-maintenance,2.15.5 calendrier des gardiens
897922519,Maroantsetra,Canzee,True,2026-06-19,90,5,5,preventive-maintenance,2.15.5 calendrier des gardiens
897922595,Maroantsetra,Canzee,True,2026-06-25,84,3,3,preventive-maintenance,2.15.5 calendrier des gardiens
897923486,Maroantsetra,Canzee,True,2025-09-25,357,3,3,preventive-maintenance,2.15.5 calendrier des gardiens
905251190,Maroantsetra,Canzee,True,2026-06-25,84,3,3,preventive-maintenance,2.15.5 calendrier des gardiens
905251200,Maroantsetra,Canzee,True,2026-06-24,85,3,3,preventive-maintenance,2.15.5 calendrier des gardiens
905251217,Maroantsetra,Canzee,True,2026-06-24,85,3,3,preventive-maintenance,2.15.5 calendrier des gardiens
905251224,Maroantsetra,Canzee,True,2026-06-25,84,3,3,preventive-maintenance,2.15.5 calendrier des gardiens
905251248,Maroantsetra,Canzee,True,2026-06-18,91,3,3,preventive-maintenance,2.15.5 calendrier des gardiens
905251255,Maroantsetra,Canzee,True,2026-06-16,93,3,3,preventive-maintenance,2.15.5 calendrier des gardiens
905251262,Maroantsetra,Canzee,True,2026-09-03,14,6,6,preventive-maintenance,2.15.5 calendrier des gardiens
905251279,Maroantsetra,Canzee,True,2026-06-16,93,7,7,preventive-maintenance,2.15.5 calendrier des gardiens
905251286,Maroantsetra,Canzee,True,2026-06-18,91,5,5,repair-after-breakdown,1.3.1.3 photo du calendrier
905251293,Maroantsetra,Canzee,True,2026-06-17,92,3,3,preventive-maintenance,2.15.5 calendrier des gardiens
905251327,Maroantsetra,Canzee,True,2026-06-04,105,3,3,preventive-maintenance,2.15.5 calendrier des gardiens
905251334,Maroantsetra,Canzee,True,2026-06-08,101,4,4,preventive-maintenance,2.15.5 calendrier des gardiens
905251341,Maroantsetra,Canzee,True,2026-06-04,105,2,2,preventive-maintenance,2.15.5 calendrier des gardiens
905251358,Maroantsetra,Canzee,True,2026-06-04,105,3,3,preventive-maintenance,2.15.5 calendrier des gardiens
905251372,Maroantsetra,Canzee,True,2026-06-04,105,5,5,preventive-maintenance,2.15.5 calendrier des gardiens
905251389,Maroantsetra,Canzee,True,2026-06-03,106,3,3,preventive-maintenance,2.15.5 calendrier des gardiens
905251396,Maroantsetra,Canzee,True,2026-06-03,106,5,5,preventive-maintenance,2.15.5 calendrier des gardiens
987623115,Marolinta,IndiaMark,False,,,0,0,,
987623256,Marolinta,IndiaMark,False,,,0,0,,
987623270,Marolinta,IndiaMark,False,,,0,0,,
987623517,Marolinta,Canzee,False,,,0,0,,
987623555,Marolinta,IndiaMark,False,,,0,0,,
